tech_weight,macro_weight,risk_aversion,tilt_strength,max_weight,sharpe,excess_sharpe,ann_return,ann_vol,calmar,max_dd
0.4,0.6,1.0,0.0,0.1,1.728,0.0,0.43726854735638326,0.2806828612836214,1.5578740552831147,-0.3239783380840153
0.4,0.6,1.0,0.0,0.15,1.942,0.21399999999999997,0.4932920754444554,0.2911167069722207,1.6944821909225807,-0.3161154625505157
0.4,0.6,1.0,0.0,0.2,2.03,0.3019999999999998,0.5319781480953457,0.30529103625755327,1.7425278993339062,-0.32496790050688973
0.4,0.6,1.0,0.0,0.25,1.827,0.09899999999999998,0.5125370711462061,0.3186686689807414,1.6083698243242763,-0.3842556682185312
0.4,0.6,1.0,0.0,0.3,1.803,0.07499999999999996,0.5225636099037776,0.32879587348235345,1.589325329327236,-0.4107350331996237
0.4,0.6,1.0,0.1,0.1,1.728,0.0,0.437268547355296,0.2806828612883485,1.5578740552530044,-0.32397833808499527
0.4,0.6,1.0,0.1,0.15,1.942,0.21399999999999997,0.493317240355548,0.29106315724998133,1.69488039989843,-0.3181394705455317
0.4,0.6,1.0,0.1,0.2,1.993,0.2650000000000001,0.525819332588572,0.3058101255079708,1.7194307471511985,-0.32467669160605606
0.4,0.6,1.0,0.1,0.25,1.828,0.10000000000000009,0.51492170828468,0.3201479566085456,1.608386677645705,-0.3932357810287035
0.4,0.6,1.0,0.1,0.3,1.79,0.062000000000000055,0.5201684106756083,0.3290337292076713,1.5808969248477907,-0.412943181914936
0.4,0.6,1.0,0.2,0.1,1.728,0.0,0.4372685472694136,0.28068286128288783,1.5578740549773362,-0.32397833808622534
0.4,0.6,1.0,0.2,0.15,1.939,0.21100000000000008,0.49249247731905843,0.2909564271654636,1.6926674626746896,-0.3181394712647402
0.4,0.6,1.0,0.2,0.2,1.958,0.22999999999999998,0.5200850906266307,0.30652609255731794,1.6967074035610161,-0.3255777031785723
0.4,0.6,1.0,0.2,0.25,1.849,0.121,0.5216680383836066,0.3218114916787012,1.6210360781784747,-0.3955049339361093
0.4,0.6,1.0,0.2,0.3,1.769,0.040999999999999925,0.516262497669797,0.3293152106631783,1.5676849442518686,-0.4140279550115149
0.4,0.6,1.0,0.3,0.1,1.728,0.0,0.4372685472826296,0.28068286128741116,1.5578740549993155,-0.32397833808769916
0.4,0.6,1.0,0.3,0.15,1.955,0.2270000000000001,0.49539955697959825,0.2908477884920386,1.7032949074431725,-0.3181394713582181
0.4,0.6,1.0,0.3,0.2,1.933,0.20500000000000007,0.5154798053265615,0.3066999847552127,1.6807298042025751,-0.338352944989441
0.4,0.6,1.0,0.3,0.25,1.831,0.10299999999999998,0.5203734275697872,0.3234685514429235,1.6087295820521452,-0.39781845272225685
0.4,0.6,1.0,0.3,0.3,1.769,0.040999999999999925,0.517272904012799,0.33002940756783866,1.567353975589196,-0.41436979636981247
0.4,0.6,1.0,0.4,0.1,1.728,0.0,0.4372685476570748,0.2806828612716096,1.5578740564210698,-0.3239783380880566
0.4,0.6,1.0,0.4,0.15,1.941,0.21300000000000008,0.4941345318433963,0.29173877380477303,1.6937567996157525,-0.31813947136389364
0.4,0.6,1.0,0.4,0.2,1.937,0.20900000000000007,0.5155952269932933,0.30623779666237466,1.6836433406087163,-0.35096922951672954
0.4,0.6,1.0,0.4,0.25,1.812,0.08400000000000007,0.5176750605672826,0.3241910058939467,1.5968211676317472,-0.4047443479541809
0.4,0.6,1.0,0.4,0.3,1.759,0.030999999999999917,0.5152568745093881,0.3300344857391022,1.5612213170859583,-0.4147156136189226
0.4,0.6,1.0,0.5,0.1,1.728,0.0,0.43726854753809097,0.2806828612823074,1.5578740559377853,-0.3239783380884856
0.4,0.6,1.0,0.5,0.15,1.937,0.20900000000000007,0.49386992657981693,0.2921047838256607,1.6907286491910978,-0.3181394713686539
0.4,0.6,1.0,0.5,0.2,1.921,0.19300000000000006,0.5123829914677698,0.30619077775950376,1.673410921181365,-0.3531948777968564
0.4,0.6,1.0,0.5,0.25,1.799,0.07099999999999995,0.5151642531526388,0.3243570875332304,1.5882626677607599,-0.40848951155181584
0.4,0.6,1.0,0.5,0.3,1.741,0.013000000000000123,0.5112053634637859,0.32989622960180026,1.5495944408968663,-0.4182025469703069
0.4,0.6,2.0,0.0,0.1,1.728,0.0,0.4372685476148205,0.2806828612850867,1.5578740561957267,-0.32397833806745696
0.4,0.6,2.0,0.0,0.15,1.944,0.21599999999999997,0.49342799319572095,0.2909101726404365,1.6961524195497812,-0.311285726230217
0.4,0.6,2.0,0.0,0.2,2.031,0.30300000000000016,0.5313337177090803,0.30476473312365354,1.7434225812915827,-0.3219736763710709
0.4,0.6,2.0,0.0,0.25,1.872,0.14400000000000013,0.5194699396313309,0.31725091065793415,1.6374103971964107,-0.3579328638337868
0.4,0.6,2.0,0.0,0.3,1.829,0.10099999999999998,0.5251279792381994,0.3268515697660534,1.6066252324076764,-0.38836422334435255
0.4,0.6,2.0,0.1,0.1,1.728,0.0,0.4372685475517481,0.28068286129374576,1.5578740559229558,-0.32397833806838794
0.4,0.6,2.0,0.1,0.15,1.941,0.21300000000000008,0.4930317421652507,0.2910533921642099,1.6939563510982423,-0.3148515976682051
0.4,0.6,2.0,0.1,0.2,2.018,0.2899999999999998,0.5298892771333068,0.30537419609676825,1.7352130072096639,-0.3239701196938384
0.4,0.6,2.0,0.1,0.25,1.873,0.14500000000000002,0.5222346722592294,0.31890373327473137,1.6375934734176696,-0.3665068477655018
0.4,0.6,2.0,0.1,0.3,1.824,0.09600000000000009,0.5249126990657884,0.3273939145043075,1.603306218628209,-0.401324633579071
0.4,0.6,2.0,0.2,0.1,1.728,0.0,0.4372685476146318,0.28068286129768594,1.5578740561251248,-0.32397833806948584
0.4,0.6,2.0,0.2,0.15,1.937,0.20900000000000007,0.4922455790581138,0.29102372959299794,1.6914276363186203,-0.31813946073206617
0.4,0.6,2.0,0.2,0.2,2.006,0.2779999999999998,0.5283461698488118,0.3058583260372901,1.7274212433386433,-0.3248094731409955
0.4,0.6,2.0,0.2,0.25,1.886,0.15799999999999992,0.526944978328292,0.32036376718976567,1.64483325611588,-0.3726183288351663
0.4,0.6,2.0,0.2,0.3,1.794,0.06600000000000006,0.5197135595787448,0.3281232556316643,1.5838973637459905,-0.41154651305705664
0.4,0.6,2.0,0.3,0.1,1.728,0.0,0.4372685476419125,0.28068286128363185,1.5578740563003233,-0.3239783380707201
0.4,0.6,2.0,0.3,0.15,1.939,0.21100000000000008,0.49284505435784,0.2912200158748397,1.6923460871235394,-0.3181394700351024
0.4,0.6,2.0,0.3,0.2,1.982,0.254,0.5234866231777966,0.30570883836894486,1.7123699333351512,-0.33152919984765816
0.4,0.6,2.0,0.3,0.25,1.868,0.14000000000000012,0.5249134367555829,0.321373513604118,1.6333438025704705,-0.3786887465247958
0.4,0.6,2.0,0.3,0.3,1.767,0.038999999999999924,0.5150676876988375,0.3287867257478909,1.566570811297851,-0.41489568371188057
0.4,0.6,2.0,0.4,0.1,1.728,0.0,0.43726854782676394,0.28068286128609093,1.5578740569452523,-0.3239783380723743
0.4,0.6,2.0,0.4,0.15,1.935,0.20700000000000007,0.49322527084420065,0.291865833048656,1.6899041100229661,-0.3181394712220746
0.4,0.6,2.0,0.4,0.2,1.973,0.2450000000000001,0.5213836403925843,0.30543092378221315,1.7070427379657072,-0.33820872429908655
0.4,0.6,2.0,0.4,0.25,1.838,0.1100000000000001,0.5193824488056027,0.32181602017026206,1.6139111052669624,-0.3853863936953559
0.4,0.6,2.0,0.4,0.3,1.765,0.03699999999999992,0.5150492695740245,0.3290351159130625,1.565332223415663,-0.4150693383190067
0.4,0.6,2.0,0.5,0.1,1.728,0.0,0.43726854782758606,0.28068286129767855,1.5578740568838665,-0.32397833807359305
0.4,0.6,2.0,0.5,0.15,1.93,0.20199999999999996,0.4921735403289109,0.2918751529471888,1.6862467920246833,-0.3181394713285147
0.4,0.6,2.0,0.5,0.2,1.948,0.21999999999999997,0.5161218770431972,0.30518304018218495,1.691187939982144,-0.3448427370295495
0.4,0.6,2.0,0.5,0.25,1.804,0.07600000000000007,0.5127544261051097,0.3219679015369265,1.5925638042098487,-0.39613707911715446
0.4,0.6,2.0,0.5,0.3,1.768,0.040000000000000036,0.5142302879426448,0.3280984850277422,1.567304670422859,-0.4152148744234336
0.4,0.6,3.0,0.0,0.1,1.728,0.0,0.43726854734980775,0.28068286124432273,1.5578740554778074,-0.323978338058994
0.4,0.6,3.0,0.0,0.15,1.91,0.18199999999999994,0.4867218017044365,0.2907497123366029,1.6740233302138419,-0.30984211490752056
0.4,0.6,3.0,0.0,0.2,2.057,0.32899999999999996,0.5353199027140517,0.3042093596244492,1.7597088510850283,-0.31731394623096554
0.4,0.6,3.0,0.0,0.25,1.916,0.18799999999999994,0.5272479515740487,0.31650948709188426,1.665820372142545,-0.3443553770195949
0.4,0.6,3.0,0.0,0.3,1.88,0.1519999999999999,0.5322928400955096,0.3247658856226875,1.6390047836302812,-0.3755274935463536
0.4,0.6,3.0,0.1,0.1,1.728,0.0,0.4372685472915928,0.28068286125153413,1.5578740552303774,-0.3239783380593799
0.4,0.6,3.0,0.1,0.15,1.904,0.17599999999999993,0.4857228530497116,0.29087741716387566,1.6698541185686586,-0.3120536202370668
0.4,0.6,3.0,0.1,0.2,2.053,0.32499999999999996,0.5352418144290068,0.30459422756146637,1.757229014857139,-0.31864448284450636
0.4,0.6,3.0,0.1,0.25,1.916,0.18799999999999994,0.5291707682657155,0.3177967763704668,1.6651231466515652,-0.3532389042062705
0.4,0.6,3.0,0.1,0.3,1.862,0.13400000000000012,0.5295857720433694,0.32535465989580037,1.6277184172280708,-0.3843461741649014
0.4,0.6,3.0,0.2,0.1,1.728,0.0,0.4372685472977178,0.28068286125504016,1.5578740552327395,-0.3239783380599115
0.4,0.6,3.0,0.2,0.15,1.902,0.17399999999999993,0.48584597014939657,0.29114067727766374,1.6687670534132901,-0.314430113628639
0.4,0.6,3.0,0.2,0.2,2.038,0.30999999999999983,0.5327873669064711,0.3047953407507594,1.748016769528468,-0.31997580728897074
0.4,0.6,3.0,0.2,0.25,1.917,0.18900000000000006,0.5308626872588312,0.3188501746495495,1.6649283251681017,-0.3605359449246917
0.4,0.6,3.0,0.2,0.3,1.841,0.11299999999999999,0.5262025718112775,0.3260304284659015,1.6139676725490404,-0.39306025847076514
0.4,0.6,3.0,0.3,0.1,1.728,0.0,0.4372685473802018,0.2806828612545845,1.5578740555291375,-0.32397833806058346
0.4,0.6,3.0,0.3,0.15,1.906,0.17799999999999994,0.48702008031197164,0.2913949266544553,1.6713402868866498,-0.3168036819579107
0.4,0.6,3.0,0.3,0.2,2.007,0.27900000000000014,0.5268982763341032,0.3048213776476508,1.728547651087502,-0.3253286872669971
0.4,0.6,3.0,0.3,0.25,1.906,0.17799999999999994,0.5293245413535536,0.31925104897306883,1.6580197404400885,-0.36464226887988344
0.4,0.6,3.0,0.3,0.3,1.829,0.10099999999999998,0.5242370845878351,0.3263105784199863,1.6065586568667796,-0.40167032048465007
0.4,0.6,3.0,0.4,0.1,1.728,0.0,0.4372685475766442,0.2806828612584741,1.5578740562074225,-0.3239783380614423
0.4,0.6,3.0,0.4,0.15,1.904,0.17599999999999993,0.4869708596955557,0.2916314991433862,1.6698157130692084,-0.3181394751044861
0.4,0.6,3.0,0.4,0.2,1.989,0.2610000000000001,0.5231740256285433,0.3046594633727389,1.7172419981205718,-0.3322063517319849
0.4,0.6,3.0,0.4,0.25,1.885,0.15700000000000003,0.5247772862684617,0.3190288968711032,1.644920856434164,-0.3687516906174534
0.4,0.6,3.0,0.4,0.3,1.824,0.09600000000000009,0.523175406973515,0.32627610326883294,1.6034744859707,-0.40710229476608745
0.4,0.6,3.0,0.5,0.1,1.728,0.0,0.437268547855206,0.2806828612836545,1.5578740570601068,-0.32397833806259213
0.4,0.6,3.0,0.5,0.15,1.903,0.17500000000000004,0.4865658635462873,0.2915490452883514,1.6688988402107712,-0.3181394718268044
0.4,0.6,3.0,0.5,0.2,1.965,0.2370000000000001,0.5182730522821976,0.304487211191439,1.702117636580624,-0.3387604652747814
0.4,0.6,3.0,0.5,0.25,1.86,0.13200000000000012,0.519092195502963,0.31851862523321467,1.6297075096405786,-0.3737110967079439
0.4,0.6,3.0,0.5,0.3,1.809,0.08099999999999996,0.519069066745367,0.32554104834498127,1.5944811549396403,-0.4094415479071511
0.4,0.6,5.0,0.0,0.1,1.728,0.0,0.4372685470880147,0.2806828612638216,1.5578740544368825,-0.3239783380520284
0.4,0.6,5.0,0.0,0.15,1.864,0.13600000000000012,0.47755040315106884,0.2903663549544256,1.6446478560714195,-0.3105387665391838
0.4,0.6,5.0,0.0,0.2,2.05,0.32199999999999984,0.5313134371273656,0.3025037887826697,1.7563860580572148,-0.31358487806281093
0.4,0.6,5.0,0.0,0.25,1.975,0.2470000000000001,0.5351755946193753,0.31418134047942237,1.7033971330147377,-0.33416705416859477
0.4,0.6,5.0,0.0,0.3,1.911,0.18300000000000005,0.5326463715441925,0.3207470945484363,1.6606428572457639,-0.37032256643187733
0.4,0.6,5.0,0.1,0.1,1.728,0.0,0.4372685471354099,0.28068286124712793,1.557874054698394,-0.32397833805233833
0.4,0.6,5.0,0.1,0.15,1.865,0.137,0.47790911849093487,0.29051520345167425,1.6450399593990015,-0.3111559093571638
0.4,0.6,5.0,0.1,0.2,2.043,0.31500000000000017,0.5303017164032776,0.30266379307140595,1.7521148169783434,-0.31438301357332454
0.4,0.6,5.0,0.1,0.25,1.973,0.2450000000000001,0.5355479006952747,0.3146390156012403,1.7021026450642238,-0.3395408307871995
0.4,0.6,5.0,0.1,0.3,1.904,0.17599999999999993,0.5318634878909123,0.3211801035321245,1.6559664874686586,-0.3737918351041334
0.4,0.6,5.0,0.2,0.1,1.728,0.0,0.4372685472981431,0.28068286125175085,1.5578740552525114,-0.32397833805294024
0.4,0.6,5.0,0.2,0.15,1.864,0.13600000000000012,0.4777970590500745,0.2906142922468023,1.6440934661407103,-0.31246387380571544
0.4,0.6,5.0,0.2,0.2,2.023,0.29500000000000015,0.5267389867232781,0.30278692078539476,1.7396358645775625,-0.31518124895375244
0.4,0.6,5.0,0.2,0.25,1.964,0.236,0.5340030909546707,0.31485309230870456,1.6960388955973655,-0.34489631033087936
0.4,0.6,5.0,0.2,0.3,1.893,0.16500000000000004,0.5300228590342564,0.32147059469382694,1.6487444506053734,-0.3774836792527677
0.4,0.6,5.0,0.3,0.1,1.728,0.0,0.43726854731996745,0.2806828612610986,1.5578740552783832,-0.32397833805374787
0.4,0.6,5.0,0.3,0.15,1.866,0.13800000000000012,0.4781923293546016,0.29063951944637756,1.6453107625056722,-0.31377118222723
0.4,0.6,5.0,0.3,0.2,2.003,0.27500000000000013,0.5229858708884946,0.3027815752927345,1.72727112071751,-0.31794537815913204
0.4,0.6,5.0,0.3,0.25,1.951,0.2230000000000001,0.5315307243859251,0.31483877455814435,1.6882632233970982,-0.3504568012482927
0.4,0.6,5.0,0.3,0.3,1.881,0.15300000000000002,0.5274671989011696,0.3213131450039963,1.64159856856964,-0.38179093757578886
0.4,0.6,5.0,0.4,0.1,1.728,0.0,0.4372685472510418,0.2806828612735671,1.557874054963615,-0.3239783380546948
0.4,0.6,5.0,0.4,0.15,1.867,0.139,0.4787175880173985,0.29079597117705214,1.6462318445461874,-0.31507782755183306
0.4,0.6,5.0,0.4,0.2,1.987,0.2590000000000001,0.5197860653994516,0.3026585267022697,1.717401029678486,-0.32139483473407027
0.4,0.6,5.0,0.4,0.25,1.936,0.20799999999999996,0.5284180484209919,0.3147827272133312,1.6786754886422914,-0.35403907168981835
0.4,0.6,5.0,0.4,0.3,1.868,0.14000000000000012,0.5242037484523342,0.3209763399826483,1.6331538595046358,-0.38739220689631804
0.4,0.6,5.0,0.5,0.1,1.728,0.0,0.43726854733795745,0.2806828612764614,1.5578740552572086,-0.3239783380554027
0.4,0.6,5.0,0.5,0.15,1.871,0.14300000000000002,0.47967573346175346,0.2909810086095656,1.6484778018807953,-0.31638381474559296
0.4,0.6,5.0,0.5,0.2,1.973,0.2450000000000001,0.5169570811622525,0.30257836975498315,1.7085063997828573,-0.3248343826836768
0.4,0.6,5.0,0.5,0.25,1.912,0.18399999999999994,0.5232173985598962,0.3144854971766461,1.6637250469645846,-0.35612997638989713
0.4,0.6,5.0,0.5,0.3,1.85,0.12200000000000011,0.5202619203404328,0.3207833493162657,1.6218482706454251,-0.3923715905056809
0.4,0.6,7.0,0.0,0.1,1.728,0.0,0.43726854679234795,0.28068286126756453,1.5578740533627242,-0.32397833805588694
0.4,0.6,7.0,0.0,0.15,1.871,0.14300000000000002,0.47845289633721055,0.29019856610392025,1.6487086850934898,-0.3110969107566523
0.4,0.6,7.0,0.0,0.2,2.013,0.2849999999999999,0.521313324851523,0.3005426526888835,1.7345735129022684,-0.311986410812661
0.4,0.6,7.0,0.0,0.25,1.959,0.2310000000000001,0.5274349214476121,0.3112070145459607,1.694804091151736,-0.32978681135801463
0.4,0.6,7.0,0.0,0.3,1.912,0.18399999999999994,0.527573729291552,0.31735387144949534,1.6624146631074317,-0.370775736064436
0.4,0.6,7.0,0.1,0.1,1.728,0.0,0.4372685467897341,0.2806828612662582,1.5578740533606623,-0.3239783380560551
0.4,0.6,7.0,0.1,0.15,1.867,0.139,0.4777495443691236,0.2902069365717429,1.6462375090438879,-0.3110122721928047
0.4,0.6,7.0,0.1,0.2,2.001,0.2729999999999999,0.5194672697594391,0.30075926597807523,1.7271862533316173,-0.3125564272706559
0.4,0.6,7.0,0.1,0.25,1.951,0.2230000000000001,0.5261436198001832,0.3113374177386152,1.6899466296785104,-0.3338609931154649
0.4,0.6,7.0,0.1,0.3,1.902,0.17399999999999993,0.5259137057369463,0.31749748280119205,1.6564342529488922,-0.3733956555257762
0.4,0.6,7.0,0.2,0.1,1.728,0.0,0.43726854697077133,0.28068286127720726,1.5578740539448803,-0.32397833805570664
0.4,0.6,7.0,0.2,0.15,1.864,0.13600000000000012,0.4773041217400356,0.29022393625109427,1.644606326774799,-0.3117214112656584
0.4,0.6,7.0,0.2,0.2,1.997,0.26900000000000013,0.5189880141865602,0.3010109454709929,1.724149975259198,-0.31312657699515156
0.4,0.6,7.0,0.2,0.25,1.941,0.21300000000000008,0.5242609263554301,0.31134472932056745,1.683859969299944,-0.33804450609244796
0.4,0.6,7.0,0.2,0.3,1.902,0.17399999999999993,0.5257566259599961,0.3174477958446781,1.6561986973670468,-0.37610757369741954
0.4,0.6,7.0,0.3,0.1,1.728,0.0,0.43726854706562485,0.2806828612801059,1.5578740542667304,-0.3239783380552132
0.4,0.6,7.0,0.3,0.15,1.862,0.13400000000000012,0.47699220545813903,0.29031276836929387,1.6430286829526513,-0.3126546602667475
0.4,0.6,7.0,0.3,0.2,1.989,0.2610000000000001,0.5177169501315214,0.30109120611383744,1.7194688506969595,-0.314769838175117
0.4,0.6,7.0,0.3,0.25,1.923,0.19500000000000006,0.5204260271706307,0.31115463563513746,1.672563952352253,-0.34220251131801965
0.4,0.6,7.0,0.3,0.3,1.898,0.16999999999999993,0.5249230636660256,0.3173497898898429,1.6540835393281168,-0.3788131208553506
0.4,0.6,7.0,0.4,0.1,1.728,0.0,0.4372685470072912,0.2806828612820689,1.5578740540480076,-0.3239783380547194
0.4,0.6,7.0,0.4,0.15,1.861,0.133,0.4770921180104377,0.29044121816796525,1.642646043904589,-0.31358763293086855
0.4,0.6,7.0,0.4,0.2,1.98,0.252,0.5158603726517541,0.3010635354264283,1.7134601569103554,-0.3172525625005493
0.4,0.6,7.0,0.4,0.25,1.903,0.17500000000000004,0.5161709534357486,0.3109426112542909,1.6600199996829017,-0.34634054597914354
0.4,0.6,7.0,0.4,0.3,1.889,0.16100000000000003,0.5228700128935748,0.3171865030381663,1.6484623648398402,-0.3815114179143559
0.4,0.6,7.0,0.5,0.1,1.728,0.0,0.4372685472274664,0.2806828612856714,1.5578740548124395,-0.32397833805423
0.4,0.6,7.0,0.5,0.15,1.862,0.13400000000000012,0.47732110376703796,0.29050421824663597,1.6430780477059916,-0.31452025331381134
0.4,0.6,7.0,0.5,0.2,1.967,0.2390000000000001,0.5133439929423543,0.30104627425328623,1.7051996216051848,-0.3197299155300225
0.4,0.6,7.0,0.5,0.25,1.886,0.15799999999999992,0.5125197335559569,0.31078594759580697,1.6491084539720409,-0.3490664673263103
0.4,0.6,7.0,0.5,0.3,1.874,0.14600000000000013,0.5196622777052905,0.31705347547185225,1.6390366859467709,-0.38420267762058213
0.4,0.6,10.0,0.0,0.1,1.728,0.0,0.43726854687157085,0.2806828612696055,1.5578740536336468,-0.32397833806178783
0.4,0.6,10.0,0.0,0.15,1.892,0.16399999999999992,0.4808920170421155,0.28909721208767475,1.6634266846415489,-0.30901594161648943
0.4,0.6,10.0,0.0,0.2,1.979,0.2510000000000001,0.5110852093842347,0.2981393649158761,1.7142493394941123,-0.30772792304545893
0.4,0.6,10.0,0.0,0.25,1.906,0.17799999999999994,0.510277493985484,0.3066969388121512,1.6637841119699728,-0.32939498810588297
0.4,0.6,10.0,0.0,0.3,1.9,0.17199999999999993,0.517503252416571,0.3122160019497134,1.6575167486127822,-0.3602164052359068
0.4,0.6,10.0,0.1,0.1,1.728,0.0,0.4372685468527335,0.2806828612686901,1.5578740535716151,-0.32397833806112436
0.4,0.6,10.0,0.1,0.15,1.887,0.15900000000000003,0.480085565515982,0.28916679635687853,1.6602375223034906,-0.31031973498180165
0.4,0.6,10.0,0.1,0.2,1.962,0.23399999999999999,0.508403909243113,0.29843297714872474,1.7035781839543447,-0.3100869867007302
0.4,0.6,10.0,0.1,0.25,1.899,0.17100000000000004,0.5090017531807437,0.30673912924384794,1.6593962251751173,-0.3314855651747867
0.4,0.6,10.0,0.1,0.3,1.895,0.16700000000000004,0.516635786696515,0.312351836505288,1.6540187260521149,-0.364155109708541
0.4,0.6,10.0,0.2,0.1,1.728,0.0,0.4372685468365335,0.28068286126460956,1.5578740535365467,-0.3239783380605043
0.4,0.6,10.0,0.2,0.15,1.883,0.15500000000000003,0.4793052172732449,0.28914453268813073,1.6576665407338693,-0.31139772730350085
0.4,0.6,10.0,0.2,0.2,1.949,0.22100000000000009,0.5063720970510753,0.29868309538139787,1.6953490334110568,-0.31256177070107144
0.4,0.6,10.0,0.2,0.25,1.89,0.16199999999999992,0.5071408442802686,0.30672218029806414,1.6534208376695914,-0.33415064517513987
0.4,0.6,10.0,0.2,0.3,1.883,0.15500000000000003,0.5142615573705992,0.31227275986723424,1.6468345096422834,-0.36807397926111635
0.4,0.6,10.0,0.3,0.1,1.728,0.0,0.43726854676412535,0.2806828612668987,1.5578740532658701,-0.3239783380599184
0.4,0.6,10.0,0.3,0.15,1.879,0.15100000000000002,0.4784136563938476,0.28911607778274256,1.6547459417091064,-0.31181993951231096
0.4,0.6,10.0,0.3,0.2,1.94,0.21199999999999997,0.5048977506446808,0.298885754977171,1.6892666921621775,-0.3142659789887088
0.4,0.6,10.0,0.3,0.25,1.879,0.15100000000000002,0.5048904790635512,0.3066443649795093,1.646501735315727,-0.3373954386733388
0.4,0.6,10.0,0.3,0.3,1.869,0.14100000000000001,0.5112322191449737,0.312158950409129,1.6377304526265568,-0.3721969838050746
0.4,0.6,10.0,0.4,0.1,1.728,0.0,0.4372685468712658,0.2806828612692752,1.5578740536343931,-0.3239783380593582
0.4,0.6,10.0,0.4,0.15,1.877,0.14900000000000002,0.47812173388314555,0.28913403717390623,1.653633513910949,-0.3124728232703675
0.4,0.6,10.0,0.4,0.2,1.932,0.20399999999999996,0.5036438816365246,0.29905322606563395,1.6841279001149738,-0.31578354048084745
0.4,0.6,10.0,0.4,0.25,1.866,0.13800000000000012,0.5022315384154284,0.30650285477342554,1.638586820950462,-0.34062802101898765
0.4,0.6,10.0,0.4,0.3,1.855,0.127,0.5083656959592292,0.3120773560745843,1.6289733492798926,-0.37629686869499956
0.4,0.6,10.0,0.5,0.1,1.728,0.0,0.4372685468306295,0.2806828612682002,1.5578740534955833,-0.3239783380588175
0.4,0.6,10.0,0.5,0.15,1.875,0.14700000000000002,0.47762790777081454,0.2891444512162522,1.651866068194388,-0.3131255370032827
0.4,0.6,10.0,0.5,0.2,1.927,0.19900000000000007,0.5028613755340965,0.29914313261384806,1.681005915597,-0.3173129914475281
0.4,0.6,10.0,0.5,0.25,1.855,0.127,0.4996952761493075,0.30631304706151735,1.6313222076007519,-0.3438482754694703
0.4,0.6,10.0,0.5,0.3,1.839,0.11099999999999999,0.5051686008986983,0.31205499820201593,1.6188447671383424,-0.38037362323871493
0.5,0.5,1.0,0.0,0.1,1.728,0.0,0.43726854736163856,0.2806828612835218,1.5578740553023909,-0.3239783380847306
0.5,0.5,1.0,0.0,0.15,1.94,0.21199999999999997,0.4929924305874365,0.29113021549701523,1.6933743196177824,-0.31604450579887416
0.5,0.5,1.0,0.0,0.2,2.032,0.30400000000000005,0.5325304974753836,0.3053918815548266,1.7437611463806353,-0.3249331289046588
0.5,0.5,1.0,0.0,0.25,1.829,0.10099999999999998,0.5127671048814341,0.31853717997197795,1.6097559001638135,-0.38338075374399533
0.5,0.5,1.0,0.0,0.3,1.804,0.07600000000000007,0.5228565857863494,0.3288164273424866,1.5901169841546743,-0.4108739865872844
0.5,0.5,1.0,0.1,0.1,1.728,0.0,0.43726854734869613,0.2806828612864918,1.557874055239796,-0.3239783380865553
0.5,0.5,1.0,0.1,0.15,1.944,0.21599999999999997,0.4937121610785287,0.2911617287230886,1.6956629679447917,-0.31813947013363586
0.5,0.5,1.0,0.1,0.2,2.0,0.272,0.5274379781657554,0.3060193211866786,1.7235446968526755,-0.32456618264138976
0.5,0.5,1.0,0.1,0.25,1.809,0.08099999999999996,0.5105156041376704,0.3197724519259428,1.5964965120131813,-0.3941218541226921
0.5,0.5,1.0,0.1,0.3,1.79,0.062000000000000055,0.5200256096226227,0.3289494714499866,1.580867746436514,-0.41375468751591465
0.5,0.5,1.0,0.2,0.1,1.728,0.0,0.4372685472597875,0.2806828612807393,1.5578740549549657,-0.3239783380884187
0.5,0.5,1.0,0.2,0.15,1.942,0.21399999999999997,0.49302480341353344,0.29096147529795163,1.6944676366816742,-0.3181394712312314
0.5,0.5,1.0,0.2,0.2,1.965,0.2370000000000001,0.5208164305459073,0.3061305072664838,1.701288888835053,-0.32419951304669314
0.5,0.5,1.0,0.2,0.25,1.841,0.11299999999999999,0.5184788050027967,0.3207678133437689,1.616367925441259,-0.397081893200257
0.5,0.5,1.0,0.2,0.3,1.762,0.03400000000000003,0.5141269336346486,0.32895233602136653,1.562922275770841,-0.41402727657013283
0.5,0.5,1.0,0.3,0.1,1.728,0.0,0.43726854727092956,0.2806828612820656,1.5578740549873007,-0.3239783380904134
0.5,0.5,1.0,0.3,0.15,1.944,0.21599999999999997,0.4943878064977985,0.2915421006009472,1.6957681428470583,-0.3181394713537766
0.5,0.5,1.0,0.3,0.2,1.926,0.19799999999999995,0.5137603283891022,0.3064256802879848,1.6766229511386264,-0.33127053671204704
0.5,0.5,1.0,0.3,0.25,1.844,0.1160000000000001,0.5211336325404047,0.32210804024602,1.6178845835154338,-0.4000354859069986
0.5,0.5,1.0,0.3,0.3,1.77,0.04200000000000004,0.5168567162485279,0.3295695050864062,1.5682783396874627,-0.41435320743622023
0.5,0.5,1.0,0.4,0.1,1.728,0.0,0.43726854746210775,0.28068286126973097,1.5578740557368798,-0.32397833809192206
0.5,0.5,1.0,0.4,0.15,1.94,0.21199999999999997,0.4939193285297289,0.29174335543961144,1.6929925543136022,-0.31813947135878534
0.5,0.5,1.0,0.4,0.2,1.903,0.17500000000000004,0.5093531670638133,0.3064910119112576,1.6618861476149684,-0.3420156471950111
0.5,0.5,1.0,0.4,0.25,1.831,0.10299999999999998,0.5202465715161461,0.32326313892853925,1.6093594006434246,-0.40009840388214957
0.5,0.5,1.0,0.4,0.3,1.764,0.03600000000000003,0.5159383039037895,0.32986649806382123,1.5640821572731154,-0.414714988331835
0.5,0.5,1.0,0.5,0.1,1.728,0.0,0.4372685476357445,0.28068286127677944,1.5578740563163813,-0.3239783380927599
0.5,0.5,1.0,0.5,0.15,1.926,0.19799999999999995,0.4912748070796828,0.29176377041458973,1.6838101810296473,-0.31813947136309656
0.5,0.5,1.0,0.5,0.2,1.909,0.18100000000000005,0.5104031007294263,0.30639616642089723,1.6658273068217315,-0.35264654374221965
0.5,0.5,1.0,0.5,0.25,1.82,0.09200000000000008,0.5187863497193801,0.3238546674621981,1.601910986136815,-0.4012827444885841
0.5,0.5,1.0,0.5,0.3,1.758,0.030000000000000027,0.5148258694863699,0.32999185495790256,1.560116899103606,-0.415077478842059
0.5,0.5,2.0,0.0,0.1,1.728,0.0,0.4372685476217883,0.28068286128612785,1.5578740562147724,-0.3239783380677867
0.5,0.5,2.0,0.0,0.15,1.943,0.21500000000000008,0.49325331201293665,0.2908952492724368,1.6956389396066835,-0.31106156139098756
0.5,0.5,2.0,0.0,0.2,2.034,0.3059999999999998,0.531694027342729,0.3046675712803646,1.7451612099977898,-0.32144278188805553
0.5,0.5,2.0,0.0,0.25,1.867,0.139,0.5180069290242063,0.3169943365569841,1.6341204535403029,-0.3565102689698375
0.5,0.5,2.0,0.0,0.3,1.829,0.10099999999999998,0.5249676492503973,0.3268647946942748,1.6060697198712184,-0.38739104895012394
0.5,0.5,2.0,0.1,0.1,1.728,0.0,0.4372685475580038,0.28068286129305975,1.5578740559490507,-0.3239783380687953
0.5,0.5,2.0,0.1,0.15,1.944,0.21599999999999997,0.49338723733784334,0.29095936612332246,1.6957255712769264,-0.314441152444919
0.5,0.5,2.0,0.1,0.2,2.013,0.2849999999999999,0.5288417087549486,0.30536488672170436,1.7318353607463417,-0.32308210783672575
0.5,0.5,2.0,0.1,0.25,1.865,0.137,0.5196775507515192,0.31835189749558496,1.632399727596178,-0.3652178440704294
0.5,0.5,2.0,0.1,0.3,1.818,0.09000000000000008,0.5232103810169266,0.32718498306621613,1.5991271240924851,-0.39898363476527643
0.5,0.5,2.0,0.2,0.1,1.728,0.0,0.4372685475249979,0.28068286129494463,1.5578740558209976,-0.32397833806991294
0.5,0.5,2.0,0.2,0.15,1.938,0.20999999999999996,0.4925799061694838,0.29116535764097745,1.6917531335470937,-0.3178134800756962
0.5,0.5,2.0,0.2,0.2,1.999,0.27100000000000013,0.5266670752520531,0.30569365121418085,1.7228590556597778,-0.3242863906082856
0.5,0.5,2.0,0.2,0.25,1.875,0.14700000000000002,0.5236073685805718,0.3195232924994298,1.6387142373400092,-0.37088089436205174
0.5,0.5,2.0,0.2,0.3,1.794,0.06600000000000006,0.5190883950633179,0.32769384256214595,1.5840651475313416,-0.4100471353359955
0.5,0.5,2.0,0.3,0.1,1.728,0.0,0.4372685476229995,0.2806828612800378,1.5578740562528892,-0.32397833807112963
0.5,0.5,2.0,0.3,0.15,1.925,0.19700000000000006,0.4908967277788277,0.2915551450869364,1.6837182812618563,-0.31813946797221415
0.5,0.5,2.0,0.3,0.2,1.979,0.2510000000000001,0.5227528278077205,0.30563944794502257,1.7103578458947863,-0.32696702012059436
0.5,0.5,2.0,0.3,0.25,1.875,0.14700000000000002,0.5249679748566181,0.3205329307692582,1.6377973195974873,-0.37650752562515877
0.5,0.5,2.0,0.3,0.3,1.775,0.04699999999999993,0.5159593716661616,0.32829690874587925,1.57162421552237,-0.4141020000661112
0.5,0.5,2.0,0.4,0.1,1.728,0.0,0.4372685476668153,0.28068286128857106,1.5578740563616313,-0.3239783380724192
0.5,0.5,2.0,0.4,0.15,1.926,0.19799999999999995,0.49113235359280694,0.2915948389348335,1.684297141152648,-0.31813947113934177
0.5,0.5,2.0,0.4,0.2,1.957,0.2290000000000001,0.5181789639965142,0.30544365499346693,1.6964797124615256,-0.33258461600014705
0.5,0.5,2.0,0.4,0.25,1.858,0.13000000000000012,0.5224941049651489,0.3211681117350337,1.626855487434602,-0.38209785501650023
0.5,0.5,2.0,0.4,0.3,1.76,0.03200000000000003,0.5134360106260043,0.32865598063422846,1.5622293245210204,-0.41507306941381944
0.5,0.5,2.0,0.5,0.1,1.728,0.0,0.43726854776278506,0.2806828612898068,1.557874056696688,-0.3239783380741952
0.5,0.5,2.0,0.5,0.15,1.922,0.19399999999999995,0.4904216054948959,0.29162546775562653,1.6816830480177904,-0.31813947129602266
0.5,0.5,2.0,0.5,0.2,1.956,0.22799999999999998,0.5174847631185503,0.3050734652989773,1.6962627759559694,-0.33817000735698705
0.5,0.5,2.0,0.5,0.25,1.841,0.11299999999999999,0.5196184837084833,0.3215614086553822,1.6159230234787259,-0.38765205425982346
0.5,0.5,2.0,0.5,0.3,1.759,0.030999999999999917,0.5136472531407975,0.3289920908524197,1.5612753844930911,-0.41525460930526975
0.5,0.5,3.0,0.0,0.1,1.728,0.0,0.43726854730733417,0.2806828612422369,1.5578740553380621,-0.3239783380592499
0.5,0.5,3.0,0.0,0.15,1.913,0.18500000000000005,0.4871853029719894,0.29070714193275266,1.6758628623052088,-0.30957707777255783
0.5,0.5,3.0,0.0,0.2,2.051,0.3230000000000002,0.5341302091304685,0.30419251945646275,1.7558952800182692,-0.31679221934564666
0.5,0.5,3.0,0.0,0.25,1.913,0.18500000000000005,0.5261073586895382,0.316192900042313,1.6638809999185131,-0.3429259495182403
0.5,0.5,3.0,0.0,0.3,1.879,0.15100000000000002,0.5323140941686694,0.3247986086507948,1.638905093774535,-0.37450123933261564
0.5,0.5,3.0,0.1,0.1,1.728,0.0,0.4372685472816349,0.28068286124847747,1.5578740552118653,-0.3239783380597284
0.5,0.5,3.0,0.1,0.15,1.906,0.17799999999999994,0.486175993587792,0.290848589000108,1.6715776248363077,-0.31165482331649275
0.5,0.5,3.0,0.1,0.2,2.046,0.31799999999999984,0.5339882890697505,0.3046584444502002,1.7527440935812852,-0.3178845277987008
0.5,0.5,3.0,0.1,0.25,1.91,0.18199999999999994,0.527163737032596,0.3173553120104514,1.661115214026211,-0.35078442182100256
0.5,0.5,3.0,0.1,0.3,1.867,0.139,0.5302946948185971,0.3251636110051605,1.6308549815255347,-0.38238786613648534
0.5,0.5,3.0,0.2,0.1,1.728,0.0,0.4372685473882867,0.28068286125350195,1.5578740555639505,-0.32397833806032245
0.5,0.5,3.0,0.2,0.15,1.898,0.16999999999999993,0.4850034254951731,0.29110882240096003,1.66605539981592,-0.313906373734608
0.5,0.5,3.0,0.2,0.2,2.036,0.30800000000000005,0.5325698696869984,0.304934985360366,1.746503009674728,-0.3189772754081419
0.5,0.5,3.0,0.2,0.25,1.908,0.17999999999999994,0.528325891727301,0.31828325404740326,1.6599236215192623,-0.35881003118514854
0.5,0.5,3.0,0.2,0.3,1.851,0.123,0.5278302844100404,0.3256990762166196,1.6206072505375642,-0.390191209669312
0.5,0.5,3.0,0.3,0.1,1.728,0.0,0.43726854726124353,0.2806828612589398,1.557874055081147,-0.3239783380609993
0.5,0.5,3.0,0.3,0.15,1.899,0.17100000000000004,0.48575250546602855,0.29143490078079753,1.6667616135357337,-0.31615632320446263
0.5,0.5,3.0,0.3,0.2,2.012,0.28400000000000003,0.5277167331171939,0.30478226631630456,1.7314548497041715,-0.3212713523298986
0.5,0.5,3.0,0.3,0.25,1.904,0.17599999999999993,0.5284448291933693,0.31897170819998977,1.656713795011699,-0.36291289852649966
0.5,0.5,3.0,0.3,0.3,1.836,0.1080000000000001,0.5254890887867267,0.32618249847443137,1.6110278486566885,-0.39791176146875357
0.5,0.5,3.0,0.4,0.1,1.728,0.0,0.4372685473982288,0.2806828612595463,1.5578740555658237,-0.3239783380617863
0.5,0.5,3.0,0.4,0.15,1.901,0.17300000000000004,0.48631003539886486,0.29159964803373123,1.6677319011805194,-0.31813947241905133
0.5,0.5,3.0,0.4,0.2,1.988,0.26,0.5229244642589711,0.30464413865463325,1.7165091918994586,-0.32611510387713516
0.5,0.5,3.0,0.4,0.25,1.896,0.16799999999999993,0.5275247953862137,0.31933415023264206,1.6519523358272208,-0.366700692716807
0.5,0.5,3.0,0.4,0.3,1.828,0.10000000000000009,0.5240969765609853,0.32639691975230994,1.6057044195107673,-0.40462154864471833
0.5,0.5,3.0,0.5,0.1,1.728,0.0,0.4372685476567883,0.28068286129152387,1.5578740563095188,-0.3239783380627464
0.5,0.5,3.0,0.5,0.15,1.902,0.17399999999999993,0.4865298836588811,0.2915834732885944,1.6685783942814163,-0.31813946982860375
0.5,0.5,3.0,0.5,0.2,1.98,0.252,0.5211485112953345,0.30442316133494757,1.7119213564763247,-0.33137117110480624
0.5,0.5,3.0,0.5,0.25,1.879,0.15100000000000002,0.5238573361349549,0.31926459550557756,1.6408250194650946,-0.3704843464086457
0.5,0.5,3.0,0.5,0.3,1.823,0.09499999999999997,0.5232780602654027,0.32649228784391887,1.6027271692112928,-0.40810578803152375
0.5,0.5,5.0,0.0,0.1,1.728,0.0,0.43726854700370466,0.2806828612619217,1.5578740541470526,-0.3239783380511862
0.5,0.5,5.0,0.0,0.15,1.858,0.13000000000000012,0.4764505280860755,0.2903913526992217,1.640718718575508,-0.3105139924165756
0.5,0.5,5.0,0.0,0.2,2.043,0.31500000000000017,0.5301510290709219,0.3025860871080694,1.7520667725928096,-0.3130705317419567
0.5,0.5,5.0,0.0,0.25,1.969,0.2410000000000001,0.5340067362181197,0.31414309687551695,1.6998837202834554,-0.33275986912633776
0.5,0.5,5.0,0.0,0.3,1.914,0.18599999999999994,0.5333692797183649,0.32093720897337474,1.661911628833956,-0.3699195787798399
0.5,0.5,5.0,0.1,0.1,1.728,0.0,0.4372685469695298,0.2806828612563618,1.5578740540561555,-0.32397833805153026
0.5,0.5,5.0,0.1,0.15,1.855,0.127,0.47594927144597354,0.29052593834503404,1.6382333162993774,-0.310748350928842
0.5,0.5,5.0,0.1,0.2,2.039,0.31100000000000017,0.5297560006747877,0.30283968510865367,1.749295177363298,-0.31372559643302217
0.5,0.5,5.0,0.1,0.25,1.966,0.238,0.5342755231309172,0.31473124031999544,1.697561140062567,-0.33754391960596447
0.5,0.5,5.0,0.1,0.3,1.904,0.17599999999999993,0.5320318797646546,0.32132274208955325,1.6557554448367564,-0.37308352606021344
0.5,0.5,5.0,0.2,0.1,1.728,0.0,0.4372685471722819,0.28068286125291747,1.5578740547976258,-0.32397833805225623
0.5,0.5,5.0,0.2,0.15,1.855,0.127,0.4762616043315721,0.2906658409452538,1.638519348481939,-0.3119894275829657
0.5,0.5,5.0,0.2,0.2,2.024,0.29600000000000004,0.5272087202802505,0.30296032476830076,1.7401906361285138,-0.3143808147381956
0.5,0.5,5.0,0.2,0.25,1.962,0.23399999999999999,0.5340654434343111,0.3150332568669163,1.695266870379731,-0.3423022306692672
0.5,0.5,5.0,0.2,0.3,1.893,0.16500000000000004,0.5303547318091987,0.32163280366871033,1.6489447772730204,-0.3764255524321989
0.5,0.5,5.0,0.3,0.1,1.728,0.0,0.43726854722323294,0.2806828612623283,1.557874054926918,-0.32397833805307674
0.5,0.5,5.0,0.3,0.15,1.858,0.13000000000000012,0.4769650675878545,0.2907646800110131,1.6403817257645903,-0.3132299461226787
0.5,0.5,5.0,0.3,0.2,2.009,0.2809999999999999,0.5243795982731226,0.3029971643768635,1.7306419330740233,-0.3150377079258334
0.5,0.5,5.0,0.3,0.25,1.954,0.22599999999999998,0.532581952228268,0.31514324189770526,1.6899678667427773,-0.3470787400193273
0.5,0.5,5.0,0.3,0.3,1.88,0.1519999999999999,0.5279381028339816,0.321758237591813,1.6407912561472047,-0.37981506969019735
0.5,0.5,5.0,0.4,0.1,1.728,0.0,0.4372685472545228,0.2806828612624021,1.557874055037986,-0.3239783380538181
0.5,0.5,5.0,0.4,0.15,1.86,0.13200000000000012,0.4772185953731279,0.29075591251893124,1.6413031509447156,-0.31446987130440396
0.5,0.5,5.0,0.4,0.2,1.997,0.26900000000000013,0.5219693524112033,0.3029348393491727,1.7230416730297706,-0.31790571819274127
0.5,0.5,5.0,0.4,0.25,1.94,0.21199999999999997,0.5297736933853463,0.31511217342409575,1.6812225552211433,-0.35205803914239864
0.5,0.5,5.0,0.4,0.3,1.871,0.14300000000000002,0.525944729609866,0.321624623886554,1.6352750708396677,-0.38384164922329117
0.5,0.5,5.0,0.5,0.1,1.728,0.0,0.437268547265271,0.2806828612704559,1.557874055031578,-0.3239783380543977
0.5,0.5,5.0,0.5,0.15,1.867,0.139,0.4786795528603203,0.2908127688105035,1.6460059674072727,-0.3157091895891492
0.5,0.5,5.0,0.5,0.2,1.984,0.256,0.519473235303783,0.3028275680406283,1.7154093290280916,-0.3208259525989483
0.5,0.5,5.0,0.5,0.25,1.925,0.19700000000000006,0.5267486113127151,0.31501664405729773,1.6721294612512787,-0.3542614559383154
0.5,0.5,5.0,0.5,0.3,1.861,0.133,0.523627634175884,0.3214315330143468,1.6290487410036163,-0.3887270263779708
0.5,0.5,7.0,0.0,0.1,1.728,0.0,0.43726854686661465,0.2806828612726253,1.5578740535992284,-0.32397833805533016
0.5,0.5,7.0,0.0,0.15,1.861,0.133,0.4767719844377225,0.29029179288338375,1.6423887830313264,-0.3110569989456426
0.5,0.5,7.0,0.0,0.2,2.008,0.28,0.5206821474320302,0.3006983755607867,1.7315761897981168,-0.31147523007464506
0.5,0.5,7.0,0.0,0.25,1.959,0.2310000000000001,0.5279226013777966,0.3114724504579937,1.6949255081838903,-0.3283762156593742
0.5,0.5,7.0,0.0,0.3,1.914,0.18599999999999994,0.5287464723446281,0.3177574642491128,1.663993869016106,-0.3700816941917734
0.5,0.5,7.0,0.1,0.1,1.728,0.0,0.43726854689714806,0.28068286126563974,1.557874053746783,-0.3239783380555404
0.5,0.5,7.0,0.1,0.15,1.854,0.1260000000000001,0.47544133582358283,0.2902922997049136,1.6378020922596843,-0.310977715236765
0.5,0.5,7.0,0.1,0.2,1.994,0.266,0.5183564689060196,0.30093085662222163,1.722510196276571,-0.3119430381023599
0.5,0.5,7.0,0.1,0.25,1.95,0.22199999999999998,0.5264747166659192,0.3116854686540937,1.6891217897944324,-0.3318534847689819
0.5,0.5,7.0,0.1,0.3,1.903,0.17500000000000004,0.5267177809784054,0.3179367357113989,1.6566748092190375,-0.372515686149111
0.5,0.5,7.0,0.2,0.1,1.728,0.0,0.4372685469592128,0.2806828612721404,1.5578740539318228,-0.3239783380550966
0.5,0.5,7.0,0.2,0.15,1.85,0.12200000000000011,0.47476907156525855,0.29031821770245414,1.6353402666995127,-0.311252809802924
0.5,0.5,7.0,0.2,0.2,1.984,0.256,0.5169267938870915,0.3012193245996579,1.7161143116369586,-0.31241092333450443
0.5,0.5,7.0,0.2,0.25,1.942,0.21399999999999997,0.525135019381525,0.3117518011037615,1.6844650697198134,-0.33545021851719825
0.5,0.5,7.0,0.2,0.3,1.892,0.16399999999999992,0.5247847266483263,0.3180766781466316,1.6498686093747603,-0.3749007558252056
0.5,0.5,7.0,0.3,0.1,1.728,0.0,0.4372685469910796,0.28068286127887054,1.5578740540080016,-0.32397833805469184
0.5,0.5,7.0,0.3,0.15,1.848,0.1200000000000001,0.47457357900697683,0.2904099049392948,1.6341508017991957,-0.31213843775001915
0.5,0.5,7.0,0.3,0.2,1.985,0.2570000000000001,0.5172739804863647,0.3013665272558205,1.7164281156124124,-0.3128788961676292
0.5,0.5,7.0,0.3,0.25,1.93,0.20199999999999996,0.5226620747739624,0.31172333775205163,1.6766857385239917,-0.33910440095256933
0.5,0.5,7.0,0.3,0.3,1.887,0.15900000000000003,0.5238572868347515,0.31808155543163086,1.6469275815879572,-0.3772804162548389
0.5,0.5,7.0,0.4,0.1,1.728,0.0,0.4372685469917989,0.2806828612746253,1.557874054034127,-0.3239783380543183
0.5,0.5,7.0,0.4,0.15,1.847,0.119,0.47447817739693626,0.2905133619179052,1.6332404618656293,-0.31302377629246464
0.5,0.5,7.0,0.4,0.2,1.982,0.254,0.5166440036915635,0.30134361178672325,1.7144680805685029,-0.31437086365532185
0.5,0.5,7.0,0.4,0.25,1.918,0.18999999999999995,0.5200731268667139,0.31161117888407674,1.668980967657093,-0.3427447002360248
0.5,0.5,7.0,0.4,0.3,1.88,0.1519999999999999,0.522484738663114,0.3181152421873301,1.642438554878913,-0.3796690505106932
0.5,0.5,7.0,0.5,0.1,1.728,0.0,0.43726854700954243,0.2806828612783355,1.5578740540767495,-0.32397833805398496
0.5,0.5,7.0,0.5,0.15,1.852,0.12400000000000011,0.4755926111070074,0.29058837181842423,1.6366539656452053,-0.3139088209580125
0.5,0.5,7.0,0.5,0.2,1.973,0.2450000000000001,0.5148204620557092,0.3012480185109689,1.7089588326602183,-0.3164448525798583
0.5,0.5,7.0,0.5,0.25,1.902,0.17399999999999993,0.5169037994451704,0.31152020339290176,1.6592946262083381,-0.3463697476932763
0.5,0.5,7.0,0.5,0.3,1.87,0.14200000000000013,0.5204459828391668,0.31812579768431526,1.6359754117005603,-0.38209261288708884
0.5,0.5,10.0,0.0,0.1,1.728,0.0,0.437268546890109,0.2806828612712903,1.5578740536903426,-0.3239783380614144
0.5,0.5,10.0,0.0,0.15,1.885,0.15700000000000003,0.47969613846817377,0.2892036602874472,1.6586793472509684,-0.30848869568228415
0.5,0.5,10.0,0.0,0.2,1.977,0.2490000000000001,0.511000407281727,0.29828352499047034,1.713136544494211,-0.30702815677809936
0.5,0.5,10.0,0.0,0.25,1.9,0.17199999999999993,0.5099268246728436,0.30719923275275746,1.659922194803289,-0.328388399215222
0.5,0.5,10.0,0.0,0.3,1.889,0.16100000000000003,0.5165082410889078,0.31296757069115044,1.6503570639867344,-0.3617201060782919
0.5,0.5,10.0,0.1,0.1,1.728,0.0,0.43726854682030464,0.2806828612730891,1.5578740534316635,-0.32397833806069826
0.5,0.5,10.0,0.1,0.15,1.879,0.15100000000000002,0.4788559080080145,0.2893368462291445,1.6550118460501142,-0.3097737927915916
0.5,0.5,10.0,0.1,0.2,1.963,0.2350000000000001,0.5086790744646139,0.29851093372718723,1.7040550847276565,-0.3093735218766683
0.5,0.5,10.0,0.1,0.25,1.89,0.16199999999999992,0.5081744629496766,0.30735491940795984,1.6533799554226885,-0.33023882185590403
0.5,0.5,10.0,0.1,0.3,1.88,0.1519999999999999,0.5150125989758823,0.313259091032285,1.6440467769945875,-0.36581296367065147
0.5,0.5,10.0,0.2,0.1,1.728,0.0,0.4372685467884181,0.28068286127240005,1.5578740533218847,-0.32397833806004656
0.5,0.5,10.0,0.2,0.15,1.876,0.1479999999999999,0.4783768483593761,0.2894765125843062,1.652558420331443,-0.3110211586023299
0.5,0.5,10.0,0.2,0.2,1.952,0.22399999999999998,0.5069606129330825,0.29871629781358094,1.6971307446018897,-0.3108285480004133
0.5,0.5,10.0,0.2,0.25,1.882,0.15399999999999991,0.5065888097902852,0.30739416807687736,1.648010477751128,-0.33208620452322224
0.5,0.5,10.0,0.2,0.3,1.87,0.14200000000000013,0.5132730362413722,0.3133047341037382,1.6382549651210268,-0.36988303124427835
0.5,0.5,10.0,0.3,0.1,1.728,0.0,0.43726854677112836,0.28068286126861836,1.5578740532812754,-0.3239783380594516
0.5,0.5,10.0,0.3,0.15,1.871,0.14300000000000002,0.4775282980348377,0.28955430872384036,1.6491838789740674,-0.311322449886753
0.5,0.5,10.0,0.3,0.2,1.943,0.21500000000000008,0.5054749507372885,0.29886336777492767,1.691324549076081,-0.312483524111263
0.5,0.5,10.0,0.3,0.25,1.873,0.14500000000000002,0.5048951978013355,0.30735003355070084,1.6427367583743808,-0.3341876622413494
0.5,0.5,10.0,0.3,0.3,1.856,0.1280000000000001,0.5103920300868054,0.31326494645966163,1.6292663314391207,-0.37393037736177837
0.5,0.5,10.0,0.4,0.1,1.728,0.0,0.43726854687692535,0.2806828612693428,1.5578740536541817,-0.3239783380589067
0.5,0.5,10.0,0.4,0.15,1.864,0.13600000000000012,0.4762765768279877,0.2896014802916691,1.6445930329786669,-0.3119418640078079
0.5,0.5,10.0,0.4,0.2,1.937,0.20900000000000007,0.5045309888154734,0.2989808864578254,1.6875024848340705,-0.3138010212477034
0.5,0.5,10.0,0.4,0.25,1.862,0.13400000000000012,0.5026499135116885,0.30728286810194433,1.6357889283464027,-0.33675535916286853
0.5,0.5,10.0,0.4,0.3,1.843,0.11499999999999999,0.5076604025008654,0.3132391353032006,1.6206800022272898,-0.37752331272682343
0.5,0.5,10.0,0.5,0.1,1.728,0.0,0.4372685468334907,0.2806828612683989,1.557874053504674,-0.32397833805840587
0.5,0.5,10.0,0.5,0.15,1.862,0.13400000000000012,0.47598010707120303,0.289603213446417,1.6435594805969578,-0.3125612864466353
0.5,0.5,10.0,0.5,0.2,1.933,0.20500000000000007,0.5039593393208922,0.29912158321266824,1.6847976461885374,-0.31511723497909994
0.5,0.5,10.0,0.5,0.25,1.852,0.12400000000000011,0.5004521135227922,0.3072403568435897,1.628861906893185,-0.3393715743565167
0.5,0.5,10.0,0.5,0.3,1.832,0.10400000000000009,0.5053758940734839,0.3131686568361563,1.613749917310169,-0.37928032804685413
0.6,0.4,1.0,0.0,0.1,1.728,0.0,0.4372685473671664,0.28068286128344505,1.5578740553225112,-0.32397833808541915
0.6,0.4,1.0,0.0,0.15,1.938,0.20999999999999996,0.49263994220349894,0.2911503049147362,1.6920468015575985,-0.3159744538344665
0.6,0.4,1.0,0.0,0.2,2.033,0.30499999999999994,0.5329679263039753,0.3055088378881788,1.7445253956910085,-0.3248997706986754
0.6,0.4,1.0,0.0,0.25,1.831,0.10299999999999998,0.5130348966482507,0.31842351563038956,1.611171510472727,-0.3825328720498591
0.6,0.4,1.0,0.0,0.3,1.806,0.07800000000000007,0.5231792459480914,0.32884651591657665,1.5909526804316638,-0.411020589222428
0.6,0.4,1.0,0.1,0.1,1.728,0.0,0.4372685473473921,0.2806828612857282,1.5578740552393882,-0.32397833808801463
0.6,0.4,1.0,0.1,0.15,1.942,0.21399999999999997,0.4934873718686502,0.2912487415008168,1.6943845639493218,-0.3181394694065978
0.6,0.4,1.0,0.1,0.2,2.001,0.2729999999999999,0.5278205430709603,0.3061113163126344,1.7242764802980761,-0.32446001105554495
0.6,0.4,1.0,0.1,0.25,1.805,0.07699999999999996,0.5087247838484379,0.3191834726818638,1.5938318471630062,-0.39277200085573893
0.6,0.4,1.0,0.1,0.3,1.786,0.05800000000000005,0.5190725275067896,0.32879923226746943,1.5786914218964412,-0.4140272281436238
0.6,0.4,1.0,0.2,0.1,1.728,0.0,0.4372685472933725,0.2806828612831606,1.5578740550611814,-0.32397833809042953
0.6,0.4,1.0,0.2,0.15,1.939,0.21100000000000008,0.4926160904479763,0.2910327199703586,1.6926484778005328,-0.31813947118962127
0.6,0.4,1.0,0.2,0.2,1.974,0.246,0.5222370555400949,0.3058457727734859,1.7075176511492012,-0.3240206969689514
0.6,0.4,1.0,0.2,0.25,1.819,0.09099999999999997,0.5129841391886726,0.3200466695020535,1.6028416730185069,-0.3987887510266702
0.6,0.4,1.0,0.2,0.3,1.77,0.04200000000000004,0.5155284990708959,0.328756721097226,1.5681154665076318,-0.4140272342093541
0.6,0.4,1.0,0.3,0.1,1.728,0.0,0.43726854725508524,0.28068286127919917,1.5578740549467611,-0.32397833809275883
0.6,0.4,1.0,0.3,0.15,1.935,0.20700000000000007,0.49309486864962615,0.2917685483279283,1.6900206395633177,-0.3181394713358061
0.6,0.4,1.0,0.3,0.2,1.947,0.21900000000000008,0.5172381155939516,0.3060755768421295,1.689903261574959,-0.3239696298448254
0.6,0.4,1.0,0.3,0.25,1.839,0.11099999999999999,0.5181550431388788,0.3208589486184859,1.6148997725320913,-0.4000982734843775
0.6,0.4,1.0,0.3,0.3,1.754,0.026000000000000023,0.5122503044516593,0.32875571627217637,1.5581487380969767,-0.4143358350746175
0.6,0.4,1.0,0.4,0.1,1.728,0.0,0.437268547364016,0.280682861256636,1.5578740554600854,-0.3239783380948889
0.6,0.4,1.0,0.4,0.15,1.936,0.20799999999999996,0.49296146546438135,0.29161748290302264,1.6904386546272867,-0.318139471353883
0.6,0.4,1.0,0.4,0.2,1.939,0.21100000000000008,0.5163439917181876,0.3063944087135288,1.685226547984942,-0.33275593098271444
0.6,0.4,1.0,0.4,0.25,1.84,0.1120000000000001,0.5196164741996757,0.321652307594359,1.6154601161915885,-0.4000983734781293
0.6,0.4,1.0,0.4,0.3,1.745,0.017000000000000126,0.5107351734053076,0.32895508433285847,1.5525985088241168,-0.4147146712149862
0.6,0.4,1.0,0.5,0.1,1.728,0.0,0.4372685472830714,0.28068286127525927,1.557874055068336,-0.32397833809651533
0.6,0.4,1.0,0.5,0.15,1.928,0.19999999999999996,0.4914655775272747,0.29161884068321076,1.6853011841616914,-0.3181394713577216
0.6,0.4,1.0,0.5,0.2,1.921,0.19300000000000006,0.5129413587453469,0.3064620536838354,1.6737516197503783,-0.341715347669769
0.6,0.4,1.0,0.5,0.25,1.843,0.11499999999999999,0.5209471730112578,0.3221766185503607,1.6169614522471203,-0.40009839473491626
0.6,0.4,1.0,0.5,0.3,1.746,0.018000000000000016,0.511313846895413,0.32928129513661697,1.5528177714536495,-0.41509427745151584
0.6,0.4,2.0,0.0,0.1,1.728,0.0,0.43726854755527456,0.28068286128783987,1.557874055968299,-0.3239783380680921
0.6,0.4,2.0,0.0,0.15,1.943,0.21500000000000008,0.49312082219998166,0.29089316849426355,1.6951956099639585,-0.3108321370235044
0.6,0.4,2.0,0.0,0.2,2.036,0.30800000000000005,0.5320263015966532,0.3045564978799906,1.7468886899477556,-0.3209218381584614
0.6,0.4,2.0,0.0,0.25,1.858,0.13000000000000012,0.5159620038423103,0.3167839460339513,1.628750479000006,-0.3551301373372018
0.6,0.4,2.0,0.0,0.3,1.828,0.10000000000000009,0.524878343255109,0.3268685398405045,1.6057781012244963,-0.3864576232552723
0.6,0.4,2.0,0.1,0.1,1.728,0.0,0.43726854756222877,0.28068286129319775,1.5578740559633373,-0.3239783380691465
0.6,0.4,2.0,0.1,0.15,1.943,0.21500000000000008,0.4931298481022555,0.2908424506313013,1.6955222562314067,-0.3140107989048224
0.6,0.4,2.0,0.1,0.2,2.01,0.2819999999999998,0.5280522073792183,0.30522472226183706,1.730044026139628,-0.32220594447250983
0.6,0.4,2.0,0.1,0.25,1.857,0.129,0.5171480431101744,0.317647953419796,1.6280540691119259,-0.36400027922147205
0.6,0.4,2.0,0.1,0.3,1.805,0.07699999999999996,0.5205342855147945,0.32713833805809983,1.5911748179828056,-0.39667646595897005
0.6,0.4,2.0,0.2,0.1,1.728,0.0,0.4372685475172255,0.2806828612929016,1.557874055804646,-0.32397833807023946
0.6,0.4,2.0,0.2,0.15,1.932,0.20399999999999996,0.4916935942226962,0.2912562175977788,1.688182309988379,-0.3171833665334005
0.6,0.4,2.0,0.2,0.2,1.995,0.2670000000000001,0.525403571062647,0.3053494291241074,1.7206633481181324,-0.32349106254129506
0.6,0.4,2.0,0.2,0.25,1.859,0.131,0.5190427600181171,0.318640800042242,1.6289274943739407,-0.3692481687496942
0.6,0.4,2.0,0.2,0.3,1.795,0.06699999999999995,0.5187692469383214,0.3273801194013239,1.584608277029737,-0.406287215793896
0.6,0.4,2.0,0.3,0.1,1.728,0.0,0.43726854760434064,0.2806828612764838,1.5578740562061384,-0.32397833807139775
0.6,0.4,2.0,0.3,0.15,1.92,0.19199999999999995,0.4901191888008261,0.2916597939331588,1.6804482448244111,-0.3181394588345363
0.6,0.4,2.0,0.3,0.2,1.982,0.254,0.5230376781385693,0.30546182425041807,1.7122849292937574,-0.3239649551645977
0.6,0.4,2.0,0.3,0.25,1.869,0.14100000000000001,0.5221490643620148,0.3194389504751912,1.634581705159236,-0.37446441715548767
0.6,0.4,2.0,0.3,0.3,1.776,0.04800000000000004,0.5154660242233778,0.32778125702159006,1.5725915169988671,-0.4111818299911426
0.6,0.4,2.0,0.4,0.1,1.728,0.0,0.43726854751198196,0.28068286128826186,1.5578740558117166,-0.323978338072496
0.6,0.4,2.0,0.4,0.15,1.918,0.18999999999999995,0.48952621660048284,0.2915298338104126,1.6791633645249189,-0.3181394709410961
0.6,0.4,2.0,0.4,0.2,1.967,0.2390000000000001,0.5201278258871971,0.30545570246861037,1.7027929800742454,-0.32720553483559867
0.6,0.4,2.0,0.4,0.25,1.871,0.14300000000000002,0.5237052020509613,0.3201987507446377,1.6355629146992592,-0.3796491242787711
0.6,0.4,2.0,0.4,0.3,1.765,0.03699999999999992,0.5135167234917306,0.32803514468955786,1.5654320331368967,-0.4144749739456228
0.6,0.4,2.0,0.5,0.1,1.728,0.0,0.4372685476539767,0.28068286128970116,1.5578740563096185,-0.32397833807368237
0.6,0.4,2.0,0.5,0.15,1.923,0.19500000000000006,0.49031266966786685,0.2914346407105452,1.6824103973104851,-0.3181394712466567
0.6,0.4,2.0,0.5,0.2,1.954,0.22599999999999998,0.5177786119460959,0.3054442969701494,1.6951654265022913,-0.3315942945815561
0.6,0.4,2.0,0.5,0.25,1.869,0.14100000000000001,0.5239920812722327,0.32063021254158824,1.6342567255862293,-0.38379123272060167
0.6,0.4,2.0,0.5,0.3,1.768,0.040000000000000036,0.5142763374947932,0.3281998019075345,1.5669611453320835,-0.41526708990500166
0.6,0.4,3.0,0.0,0.1,1.728,0.0,0.4372685473119206,0.28068286124411335,1.5578740553439876,-0.3239783380594831
0.6,0.4,3.0,0.0,0.15,1.915,0.18700000000000006,0.48747483316366147,0.2906679059744417,1.6770851653863874,-0.30930464183144013
0.6,0.4,3.0,0.0,0.2,2.045,0.31699999999999995,0.5330643585175381,0.3041540956196961,1.7526127913268792,-0.31628207929381147
0.6,0.4,3.0,0.0,0.25,1.911,0.18300000000000005,0.5252467370810109,0.3158574675035559,1.6629232838229404,-0.3415452182116725
0.6,0.4,3.0,0.0,0.3,1.879,0.15100000000000002,0.5322286315969664,0.32475144612634027,1.63887994324715,-0.3735687661397293
0.6,0.4,3.0,0.1,0.1,1.728,0.0,0.4372685472897084,0.28068286124881364,1.557874055238763,-0.3239783380600262
0.6,0.4,3.0,0.1,0.15,1.91,0.18199999999999994,0.4867886386470383,0.2908074507401827,1.6739207933222862,-0.3112552444281855
0.6,0.4,3.0,0.1,0.2,2.035,0.30700000000000016,0.5319927883464569,0.30471096080082927,1.7458931800428004,-0.31713737683141474
0.6,0.4,3.0,0.1,0.25,1.904,0.17599999999999993,0.5250585896932188,0.3166680209842079,1.6580726656936517,-0.34844199009105303
0.6,0.4,3.0,0.1,0.3,1.868,0.14000000000000012,0.5302480926009178,0.3249987788228352,1.6315387230730767,-0.3804710999274006
0.6,0.4,3.0,0.2,0.1,1.728,0.0,0.43726854735366033,0.2806828612496993,1.5578740554616914,-0.3239783380606167
0.6,0.4,3.0,0.2,0.15,1.896,0.16799999999999993,0.4846198782014147,0.29110989213198374,1.664731743233573,-0.31335575883512823
0.6,0.4,3.0,0.2,0.2,2.027,0.29900000000000015,0.5307966322576851,0.30493750391126745,1.7406735001416538,-0.31799312293110116
0.6,0.4,3.0,0.2,0.25,1.901,0.17300000000000004,0.5257102536933583,0.31746490221971724,1.6559633837239578,-0.3554136316885784
0.6,0.4,3.0,0.2,0.3,1.853,0.125,0.5277417270905125,0.3253051168120306,1.6222976517011098,-0.3873579176955928
0.6,0.4,3.0,0.3,0.1,1.728,0.0,0.43726854736291637,0.2806828612571709,1.557874055453199,-0.3239783380612738
0.6,0.4,3.0,0.3,0.15,1.892,0.16399999999999992,0.484398835084815,0.29137691272555083,1.6624475513647587,-0.31547229682848066
0.6,0.4,3.0,0.3,0.2,2.014,0.2859999999999998,0.5280509184724673,0.3047345060463195,1.7328228605401312,-0.3188494066220152
0.6,0.4,3.0,0.3,0.25,1.903,0.17500000000000004,0.527230637643911,0.31821179443355657,1.6568544814073447,-0.3612960029827409
0.6,0.4,3.0,0.3,0.3,1.846,0.1180000000000001,0.526781784183974,0.32571221586877597,1.6173227730463928,-0.3941812066408421
0.6,0.4,3.0,0.4,0.1,1.728,0.0,0.4372685474849721,0.2806828612863588,1.5578740557260502,-0.3239783380619745
0.6,0.4,3.0,0.4,0.15,1.9,0.17199999999999993,0.48584619786074806,0.2914188438978486,1.667174954654107,-0.31758613230965016
0.6,0.4,3.0,0.4,0.2,1.995,0.2670000000000001,0.5244093848877188,0.30466356422679386,1.721273714559922,-0.32111785379625735
0.6,0.4,3.0,0.4,0.25,1.9,0.17199999999999993,0.5273579428430551,0.3186873730964636,1.6547814170328894,-0.3648090424585407
0.6,0.4,3.0,0.4,0.3,1.84,0.1120000000000001,0.5260929807564523,0.32603937425992674,1.6135872605896913,-0.39954304458383405
0.6,0.4,3.0,0.5,0.1,1.728,0.0,0.4372685476562621,0.2806828612921784,1.5578740563040112,-0.323978338062745
0.6,0.4,3.0,0.5,0.15,1.91,0.18199999999999994,0.4878243150458546,0.2914825268067343,1.6735971119438782,-0.31813944381942066
0.6,0.4,3.0,0.5,0.2,1.986,0.258,0.5225788651738404,0.30458867745871304,1.7156871014835275,-0.3250659934666428
0.6,0.4,3.0,0.5,0.25,1.895,0.16700000000000004,0.526894349134863,0.31905283205008966,1.6514329170792106,-0.36830804954934093
0.6,0.4,3.0,0.5,0.3,1.836,0.1080000000000001,0.5256552045720996,0.3263108003088212,1.610903482430304,-0.4041331851506653
0.6,0.4,5.0,0.0,0.1,1.728,0.0,0.4372685467823818,0.28068286126839254,1.5578740533226219,-0.3239783380513489
0.6,0.4,5.0,0.0,0.15,1.854,0.1260000000000001,0.4757540686268381,0.29044761460435375,1.6380030157070073,-0.310490614638369
0.6,0.4,5.0,0.0,0.2,2.037,0.30899999999999994,0.5291971592400434,0.3026270545670242,1.7486776256576877,-0.31256911193177245
0.6,0.4,5.0,0.0,0.25,1.967,0.2390000000000001,0.5333754389492996,0.3140305442435219,1.6984826754167006,-0.3314055874648915
0.6,0.4,5.0,0.0,0.3,1.916,0.18799999999999994,0.5341688186913535,0.3211047212483287,1.6635346145479128,-0.3695350677241752
0.6,0.4,5.0,0.1,0.1,1.728,0.0,0.4372685468742062,0.2806828612646365,1.5578740536706153,-0.3239783380516794
0.6,0.4,5.0,0.1,0.15,1.847,0.119,0.4744723529197499,0.29055027663743727,1.6330129105738884,-0.3103882667330916
0.6,0.4,5.0,0.1,0.2,2.031,0.30300000000000016,0.5284318688401821,0.30292227906886227,1.74444702603091,-0.3130818703261367
0.6,0.4,5.0,0.1,0.25,1.961,0.2330000000000001,0.532924685335698,0.3145337757702132,1.6943321397859454,-0.3356032893185492
0.6,0.4,5.0,0.1,0.3,1.908,0.17999999999999994,0.5331427984114406,0.321507224135125,1.6582607120123938,-0.37245394506777235
0.6,0.4,5.0,0.2,0.1,1.728,0.0,0.4372685471252304,0.2806828612584978,1.5578740545990208,-0.3239783380523816
0.6,0.4,5.0,0.2,0.15,1.845,0.11699999999999999,0.4744416638909702,0.29070347614784803,1.6320467514797632,-0.31149499639653755
0.6,0.4,5.0,0.2,0.2,2.023,0.29500000000000015,0.5271541688913842,0.30305338330716575,1.739476270281651,-0.31359480807193096
0.6,0.4,5.0,0.2,0.25,1.956,0.22799999999999998,0.532640833362085,0.3149732346276538,1.6910669695212273,-0.3397796719190677
0.6,0.4,5.0,0.2,0.3,1.894,0.16599999999999993,0.5306793276685773,0.32173849001766874,1.6494120042629474,-0.37540801490037035
0.6,0.4,5.0,0.3,0.1,1.728,0.0,0.437268547146956,0.28068286125711683,1.5578740546840883,-0.32397833805300535
0.6,0.4,5.0,0.3,0.15,1.849,0.121,0.47510256604245404,0.2907343535374475,1.6341466368241184,-0.3126625030735687
0.6,0.4,5.0,0.3,0.2,2.012,0.28400000000000003,0.5251332334146743,0.3031275817003296,1.7323835411777817,-0.31410789076913465
0.6,0.4,5.0,0.3,0.25,1.949,0.22100000000000009,0.5318782602509775,0.31529162698223845,1.6869406439421246,-0.3439347862934911
0.6,0.4,5.0,0.3,0.3,1.879,0.15100000000000002,0.5278616333553644,0.3219330223534256,1.639662900986484,-0.378511792153987
0.6,0.4,5.0,0.4,0.1,1.728,0.0,0.4372685472162967,0.28068286125879394,1.5578740549218228,-0.3239783380535534
0.6,0.4,5.0,0.4,0.15,1.857,0.129,0.476776563388349,0.2907563861565018,1.639780194309199,-0.3138295011734333
0.6,0.4,5.0,0.4,0.2,1.999,0.27100000000000013,0.5227833770768238,0.30317540016012673,1.7243594856334246,-0.3146218295225484
0.6,0.4,5.0,0.4,0.25,1.938,0.20999999999999996,0.529876914149669,0.31538369005551375,1.6801024620404441,-0.34816577935096055
0.6,0.4,5.0,0.4,0.3,1.866,0.13800000000000012,0.5254955602424514,0.3220991529221343,1.631471413305725,-0.38160579191951155
0.6,0.4,5.0,0.5,0.1,1.728,0.0,0.4372685471488111,0.28068286126357805,1.5578740546548357,-0.32397833805386766
0.6,0.4,5.0,0.5,0.15,1.867,0.139,0.4787316611475013,0.29087544942066385,1.6458304133297958,-0.3149959557012895
0.6,0.4,5.0,0.5,0.2,1.992,0.264,0.5214518678227119,0.3031908455785627,1.7198799878922912,-0.3167614323935948
0.6,0.4,5.0,0.5,0.25,1.923,0.19500000000000006,0.5267957041437675,0.31540500919134234,1.670219840497789,-0.3524661592069845
0.6,0.4,5.0,0.5,0.3,1.854,0.1260000000000001,0.5231753817704614,0.3221565710447697,1.6239786141061092,-0.38478021851638217
0.6,0.4,7.0,0.0,0.1,1.728,0.0,0.4372685468683631,0.28068286126646597,1.5578740536396438,-0.32397833805501214
0.6,0.4,7.0,0.0,0.15,1.854,0.1260000000000001,0.47543995414171814,0.29032114583340835,1.637634602112429,-0.31101912528883763
0.6,0.4,7.0,0.0,0.2,1.999,0.27100000000000013,0.5191106730605582,0.3008269141589722,1.7256124655995169,-0.3109775660525976
0.6,0.4,7.0,0.0,0.25,1.959,0.2310000000000001,0.5282630479955429,0.3116791067706748,1.6948940000146524,-0.3275375691954675
0.6,0.4,7.0,0.0,0.3,1.912,0.18399999999999994,0.5288740950538291,0.3181109057948802,1.6625462548424863,-0.3694193162572726
0.6,0.4,7.0,0.1,0.1,1.728,0.0,0.43726854685556876,0.2806828612659165,1.5578740535971105,-0.32397833805513393
0.6,0.4,7.0,0.1,0.15,1.845,0.11699999999999999,0.4737933755079471,0.29034489127114455,1.6318295577155013,-0.3109450600744211
0.6,0.4,7.0,0.1,0.2,1.987,0.2590000000000001,0.517216330916937,0.3011001275358292,1.7177552701481043,-0.311343689738149
0.6,0.4,7.0,0.1,0.25,1.951,0.2230000000000001,0.5270054742187422,0.31190521578015434,1.6896334128320598,-0.3300464968664556
0.6,0.4,7.0,0.1,0.3,1.901,0.17300000000000004,0.5269334625542439,0.3183461070066602,1.6552219454130777,-0.37162709082813394
0.6,0.4,7.0,0.2,0.1,1.728,0.0,0.4372685468940423,0.2806828612717479,1.5578740537018159,-0.32397833805475024
0.6,0.4,7.0,0.2,0.15,1.841,0.11299999999999999,0.47310779408746306,0.29039155498035885,1.6292064489253573,-0.3108710696860945
0.6,0.4,7.0,0.2,0.2,1.979,0.2510000000000001,0.5161035376984654,0.30129400545235285,1.7129565419783397,-0.31170991032828427
0.6,0.4,7.0,0.2,0.25,1.942,0.21399999999999997,0.525485558572094,0.3120679486628797,1.6838818623432705,-0.3331289646098565
0.6,0.4,7.0,0.2,0.3,1.888,0.15999999999999992,0.5246213975740671,0.31854620183195614,1.6469240397687195,-0.373829912371937
0.6,0.4,7.0,0.3,0.1,1.728,0.0,0.43726854691824474,0.280682861267049,1.5578740538141231,-0.3239783380544793
0.6,0.4,7.0,0.3,0.15,1.84,0.1120000000000001,0.47297617129311603,0.29042253686801733,1.6285794359962509,-0.3116012283171377
0.6,0.4,7.0,0.3,0.2,1.976,0.248,0.5157704443810968,0.3014545101605441,1.7109395513983703,-0.31207619670978054
0.6,0.4,7.0,0.3,0.25,1.931,0.20300000000000007,0.5235151842470382,0.31214697839627054,1.6771432065007397,-0.33625292669709794
0.6,0.4,7.0,0.3,0.3,1.878,0.1499999999999999,0.5230463947239274,0.3187889306102449,1.6407294748995227,-0.3760018468904407
0.6,0.4,7.0,0.4,0.1,1.728,0.0,0.4372685470394417,0.2806828612713626,1.5578740542219744,-0.3239783380543235
0.6,0.4,7.0,0.4,0.15,1.845,0.11699999999999999,0.47401902629495674,0.29045570437855145,1.6319838761960306,-0.3124344635378449
0.6,0.4,7.0,0.4,0.2,1.976,0.248,0.5159568642132101,0.30159777321074693,1.7107449392627836,-0.3124426174203481
0.6,0.4,7.0,0.4,0.25,1.919,0.19100000000000006,0.5212713838767613,0.3122183893774884,1.6695729707532276,-0.3393658814313303
0.6,0.4,7.0,0.4,0.3,1.868,0.14000000000000012,0.5213042602661989,0.31896470875262434,1.6343634451123576,-0.37816073471776346
0.6,0.4,7.0,0.5,0.1,1.728,0.0,0.4372685468927836,0.28068286127489306,1.5578740536798747,-0.32397833805425374
0.6,0.4,7.0,0.5,0.15,1.852,0.12400000000000011,0.4754373860097026,0.2905313795966485,1.63644074065171,-0.3132674732188422
0.6,0.4,7.0,0.5,0.2,1.976,0.248,0.5160125128672307,0.3016483774091102,1.7106424284437287,-0.31318662032583217
0.6,0.4,7.0,0.5,0.25,1.909,0.18100000000000005,0.5191679016294848,0.3122019472341357,1.6629233296874188,-0.3424679323716063
0.6,0.4,7.0,0.5,0.3,1.857,0.129,0.5190206634064688,0.3189691530313125,1.6271813699662603,-0.38031516299678936
0.6,0.4,10.0,0.0,0.1,1.728,0.0,0.43726854682317384,0.2806828612708201,1.5578740534544795,-0.3239783380610129
0.6,0.4,10.0,0.0,0.15,1.879,0.15100000000000002,0.4786627138894377,0.28929765802791746,1.654568229664847,-0.3078281607655993
0.6,0.4,10.0,0.0,0.2,1.967,0.2390000000000001,0.5093718330325367,0.298410202291891,1.7069518036594904,-0.3065893833075259
0.6,0.4,10.0,0.0,0.25,1.901,0.17300000000000004,0.5108241234247943,0.30763253869632984,1.6605009521734595,-0.327414831983322
0.6,0.4,10.0,0.0,0.3,1.883,0.15500000000000003,0.516190690608306,0.3136130512736743,1.6459477324425904,-0.36332007979234215
0.6,0.4,10.0,0.1,0.1,1.728,0.0,0.437268546877788,0.2806828612712983,1.5578740536464013,-0.323978338060257
0.6,0.4,10.0,0.1,0.15,1.871,0.14300000000000002,0.4775334040733759,0.28948914239297274,1.6495727616103086,-0.3092257901019485
0.6,0.4,10.0,0.1,0.2,1.955,0.2270000000000001,0.5075555864550563,0.2987152474238838,1.6991284871870744,-0.30876377566744
0.6,0.4,10.0,0.1,0.25,1.887,0.15900000000000003,0.5085534165647831,0.30794403942236326,1.6514475081859674,-0.32902569628039996
0.6,0.4,10.0,0.1,0.3,1.869,0.14100000000000001,0.5141134498113331,0.31405007135442015,1.6370429326574873,-0.36764913806168614
0.6,0.4,10.0,0.2,0.1,1.728,0.0,0.4372685468668585,0.2806828612710182,1.557874053609017,-0.3239783380595816
0.6,0.4,10.0,0.2,0.15,1.865,0.137,0.47654760730388024,0.28967636899455507,1.6451034958700332,-0.3104148788887572
0.6,0.4,10.0,0.2,0.2,1.947,0.21900000000000008,0.5062200820573807,0.298916951763806,1.693514131836118,-0.3101981615300236
0.6,0.4,10.0,0.2,0.25,1.877,0.14900000000000002,0.5067284271760787,0.30805483475188267,1.644929311316325,-0.33059361494873163
0.6,0.4,10.0,0.2,0.3,1.857,0.129,0.5122582533672798,0.3143524100332937,1.6295668078798107,-0.3719528015765392
0.6,0.4,10.0,0.3,0.1,1.728,0.0,0.43726854684789107,0.2806828612661235,1.557874053568608,-0.3239783380590083
0.6,0.4,10.0,0.3,0.15,1.861,0.133,0.47615412508417176,0.2898255715014888,1.6428989430345204,-0.31126070613728735
0.6,0.4,10.0,0.3,0.2,1.942,0.21399999999999997,0.505521184650707,0.2990092028236958,1.6906542670821285,-0.3106005076388482
0.6,0.4,10.0,0.3,0.25,1.869,0.14100000000000001,0.5050815837150876,0.30808169659676543,1.6394404123792095,-0.33213055515143286
0.6,0.4,10.0,0.3,0.3,1.848,0.1200000000000001,0.5105410286250577,0.3144129162537306,1.623791524560181,-0.3745214239529993
0.6,0.4,10.0,0.4,0.1,1.728,0.0,0.4372685467720757,0.2806828612694998,1.5578740532797581,-0.32397833805851367
0.6,0.4,10.0,0.4,0.15,1.862,0.13400000000000012,0.4762269519318013,0.28984596654589107,1.6430346007813108,-0.3113908529875542
0.6,0.4,10.0,0.4,0.2,1.94,0.21199999999999997,0.5053133401663651,0.299085747463389,1.689526647297763,-0.3117832507640491
0.6,0.4,10.0,0.4,0.25,1.859,0.131,0.5032520307936192,0.3080919861437634,1.6334473255620137,-0.3336654230266257
0.6,0.4,10.0,0.4,0.3,1.837,0.10899999999999999,0.5083399189478803,0.3144259772985786,1.6167236667763023,-0.37604149717781743
0.6,0.4,10.0,0.5,0.1,1.728,0.0,0.4372685468856024,0.28068286127162695,1.557874053672418,-0.3239783380580911
0.6,0.4,10.0,0.5,0.15,1.861,0.133,0.4761143675956913,0.2899001420841565,1.6423392005702357,-0.3119737098952782
0.6,0.4,10.0,0.5,0.2,1.939,0.21100000000000008,0.5051226610793835,0.2991955626962783,1.688269226078555,-0.31289188762700587
0.6,0.4,10.0,0.5,0.25,1.849,0.121,0.5011427092392531,0.3080660618568879,1.6267378049324335,-0.3355447050002454
0.6,0.4,10.0,0.5,0.3,1.825,0.09699999999999998,0.5058551946640547,0.31440728856410216,1.6089168828569305,-0.37755944268666963
0.7,0.30000000000000004,1.0,0.0,0.1,1.728,0.0,0.43726854737267745,0.2806828612834367,1.557874055342192,-0.3239783380861017
0.7,0.30000000000000004,1.0,0.0,0.15,1.937,0.20900000000000007,0.4925361302694991,0.2911615812182482,1.6916247267537163,-0.31590555855984276
0.7,0.30000000000000004,1.0,0.0,0.2,2.035,0.30700000000000016,0.5334256854291953,0.305648917166716,1.7452235407012375,-0.3248677671371175
0.7,0.30000000000000004,1.0,0.0,0.25,1.833,0.10499999999999998,0.5131995811748162,0.3183362896133072,1.6121303097369624,-0.38171373435755684
0.7,0.30000000000000004,1.0,0.0,0.3,1.807,0.07899999999999996,0.5234676321217306,0.3288872582707167,1.5916324483779458,-0.41117542513629074
0.7,0.30000000000000004,1.0,0.1,0.1,1.728,0.0,0.4372685473464524,0.28068286128494824,1.5578740552403694,-0.32397833808940946
0.7,0.30000000000000004,1.0,0.1,0.15,1.936,0.20799999999999996,0.49259290589756727,0.29131521792823784,1.6909274750586902,-0.3181394680403727
0.7,0.30000000000000004,1.0,0.1,0.2,2.007,0.27900000000000014,0.5287415265581528,0.306076776408728,1.7274800550437166,-0.3243579923959298
0.7,0.30000000000000004,1.0,0.1,0.25,1.809,0.08099999999999996,0.5088681290897633,0.31864081844099845,1.5969960521049458,-0.3911967675555963
0.7,0.30000000000000004,1.0,0.1,0.3,1.79,0.062000000000000055,0.519407734472894,0.32852925566450836,1.581009074586981,-0.4140272097215129
0.7,0.30000000000000004,1.0,0.2,0.1,1.728,0.0,0.43726854728697956,0.28068286128222253,1.5578740550436116,-0.3239783380922918
0.7,0.30000000000000004,1.0,0.2,0.15,1.928,0.19999999999999996,0.4915511499087958,0.2916401911131315,1.685471224088301,-0.31813947113745095
0.7,0.30000000000000004,1.0,0.2,0.2,1.976,0.248,0.522495664056019,0.3057710038175247,1.708780942380754,-0.3238487552549972
0.7,0.30000000000000004,1.0,0.2,0.25,1.8,0.07200000000000006,0.5080336986711569,0.3193557268124846,1.590808167875624,-0.4000138923103046
0.7,0.30000000000000004,1.0,0.2,0.3,1.766,0.038000000000000034,0.5145982904982015,0.3287171981367244,1.5654741930605134,-0.41402726131709433
0.7,0.30000000000000004,1.0,0.3,0.1,1.728,0.0,0.4372685471045676,0.2806828612805187,1.557874054403182,-0.32397833809416277
0.7,0.30000000000000004,1.0,0.3,0.15,1.92,0.19199999999999995,0.49016779302014657,0.29178223722371793,1.6799096397506907,-0.3181394713100324
0.7,0.30000000000000004,1.0,0.3,0.2,1.979,0.2510000000000001,0.5231024308620857,0.3058862105686818,1.7101209952863552,-0.32334002272667905
0.7,0.30000000000000004,1.0,0.3,0.25,1.821,0.09299999999999997,0.5133685462182782,0.31999797244422323,1.6042868718731027,-0.4000983472586113
0.7,0.30000000000000004,1.0,0.3,0.3,1.755,0.026999999999999913,0.5123061331350698,0.3287131662956118,1.5585202713613022,-0.4143176265164453
0.7,0.30000000000000004,1.0,0.4,0.1,1.728,0.0,0.437268547016938,0.2806828612821561,1.5578740540818927,-0.3239783380955548
0.7,0.30000000000000004,1.0,0.4,0.15,1.928,0.19999999999999996,0.4915599946174051,0.291703334475572,1.6851367006178999,-0.3181394713490251
0.7,0.30000000000000004,1.0,0.4,0.2,1.971,0.2430000000000001,0.5216918872263479,0.3059518672205462,1.7051436618632725,-0.3233083028882547
0.7,0.30000000000000004,1.0,0.4,0.25,1.832,0.10400000000000009,0.5163533875401601,0.3205876259149412,1.610646655704546,-0.40009839729662316
0.7,0.30000000000000004,1.0,0.4,0.3,1.741,0.013000000000000123,0.5093068412830745,0.32855861940394004,1.5501247302750472,-0.4147145152815783
0.7,0.30000000000000004,1.0,0.5,0.1,1.728,0.0,0.43726854713768487,0.28068286127446074,1.5578740545547938,-0.3239783380966596
0.7,0.30000000000000004,1.0,0.5,0.15,1.944,0.21599999999999997,0.49415884157496437,0.2914582071042405,1.6954706696532573,-0.3181394713523119
0.7,0.30000000000000004,1.0,0.5,0.2,1.95,0.22199999999999998,0.5180980976140934,0.3061688959046077,1.6921970342000905,-0.33050587355343464
0.7,0.30000000000000004,1.0,0.5,0.25,1.843,0.11499999999999999,0.5191372703752116,0.3209629136110132,1.6174369323066815,-0.4000983606050589
0.7,0.30000000000000004,1.0,0.5,0.3,1.742,0.014000000000000012,0.5090415438219175,0.3283111669879067,1.5504850124110094,-0.41511224931610197
0.7,0.30000000000000004,2.0,0.0,0.1,1.728,0.0,0.43726854756219796,0.2806828612886344,1.5578740559885553,-0.32397833806837034
0.7,0.30000000000000004,2.0,0.0,0.15,1.941,0.21300000000000008,0.49287906258475267,0.29090021856455034,1.694323452271259,-0.3105974733442763
0.7,0.30000000000000004,2.0,0.0,0.2,2.039,0.31100000000000017,0.5324297827016724,0.304478943745757,1.7486587944362308,-0.32041120353625424
0.7,0.30000000000000004,2.0,0.0,0.25,1.852,0.12400000000000011,0.5144531817164314,0.3166110082922324,1.6248745881936943,-0.3537956512976575
0.7,0.30000000000000004,2.0,0.0,0.3,1.827,0.09899999999999998,0.524734720592094,0.32690157948986115,1.6051764614014925,-0.38556622132753576
0.7,0.30000000000000004,2.0,0.1,0.1,1.728,0.0,0.4372685475656527,0.28068286129348113,1.557874055973963,-0.3239783380694449
0.7,0.30000000000000004,2.0,0.1,0.15,1.938,0.20999999999999996,0.4920798702258283,0.2908169735146711,1.6920603508068757,-0.313559562852038
0.7,0.30000000000000004,2.0,0.1,0.2,2.014,0.2859999999999998,0.5284554457074319,0.30501704387452083,1.7325439883445661,-0.32134236834313423
0.7,0.30000000000000004,2.0,0.1,0.25,1.846,0.1180000000000001,0.5138694088282493,0.31700442877830454,1.6210164974938608,-0.36284399270252243
0.7,0.30000000000000004,2.0,0.1,0.3,1.802,0.07400000000000007,0.5197981948360554,0.3270326853239638,1.589438053634104,-0.3944095225610595
0.7,0.30000000000000004,2.0,0.2,0.1,1.728,0.0,0.43726854751974964,0.28068286129226167,1.5578740558171906,-0.3239783380704789
0.7,0.30000000000000004,2.0,0.2,0.15,1.925,0.19700000000000006,0.4906970697056055,0.291485198655467,1.683437347656219,-0.31651636930722216
0.7,0.30000000000000004,2.0,0.2,0.2,1.997,0.26900000000000013,0.5252182276091231,0.3050144679547585,1.7219452937131705,-0.32227442487054064
0.7,0.30000000000000004,2.0,0.2,0.25,1.838,0.1100000000000001,0.513383680047928,0.31776389992798865,1.6156136054607542,-0.3677311438368314
0.7,0.30000000000000004,2.0,0.2,0.3,1.789,0.06099999999999994,0.5171940570594931,0.32719583398966773,1.580686559339949,-0.4024102220481233
0.7,0.30000000000000004,2.0,0.3,0.1,1.728,0.0,0.43726854748745314,0.28068286127501524,1.5578740557978494,-0.3239783380715008
0.7,0.30000000000000004,2.0,0.3,0.15,1.921,0.19300000000000006,0.4900495131774624,0.29157846517280456,1.6806780051024468,-0.3181394703473872
0.7,0.30000000000000004,2.0,0.3,0.2,1.999,0.27100000000000013,0.5258056279310254,0.30508227232177304,1.7234879756515429,-0.32320748112166764
0.7,0.30000000000000004,2.0,0.3,0.25,1.846,0.1180000000000001,0.5161009567236641,0.3184166029918126,1.620835571620411,-0.37257530120129523
0.7,0.30000000000000004,2.0,0.3,0.3,1.773,0.04499999999999993,0.5140464681125493,0.32731571604709037,1.5704912502233601,-0.40626529174188
0.7,0.30000000000000004,2.0,0.4,0.1,1.728,0.0,0.43726854747638777,0.2806828612867739,1.5578740556931625,-0.32397833807243914
0.7,0.30000000000000004,2.0,0.4,0.15,1.924,0.19599999999999995,0.49044674344089007,0.2913932788647645,1.6831093199939802,-0.3181394703193009
0.7,0.30000000000000004,2.0,0.4,0.2,2.003,0.27500000000000013,0.526749712320517,0.305265183436519,1.725547952736171,-0.32357890844121473
0.7,0.30000000000000004,2.0,0.4,0.25,1.867,0.139,0.5211257510054786,0.3189522901485118,1.6338674061968017,-0.37635146954387094
0.7,0.30000000000000004,2.0,0.4,0.3,1.764,0.03600000000000003,0.5125319998718456,0.3274895807769061,1.5650329963352176,-0.41010050107509494
0.7,0.30000000000000004,2.0,0.5,0.1,1.728,0.0,0.437268547138578,0.2806828612776826,1.5578740545400935,-0.32397833807332216
0.7,0.30000000000000004,2.0,0.5,0.15,1.932,0.20399999999999996,0.4918484994770176,0.2914094643995519,1.6878260988896485,-0.31813947117182595
0.7,0.30000000000000004,2.0,0.5,0.2,1.992,0.264,0.5249708708799864,0.3054647889844106,1.7185970030306121,-0.32536135648880526
0.7,0.30000000000000004,2.0,0.5,0.25,1.878,0.1499999999999999,0.5239881027793725,0.319499454160254,1.640028162666442,-0.37880768162087664
0.7,0.30000000000000004,2.0,0.5,0.3,1.768,0.040000000000000036,0.5134015721993239,0.32759539359914897,1.56718190252556,-0.4133877099589391
0.7,0.30000000000000004,3.0,0.0,0.1,1.728,0.0,0.4372685473217042,0.28068286124598507,1.5578740553684554,-0.32397833805966814
0.7,0.30000000000000004,3.0,0.0,0.15,1.914,0.18599999999999994,0.48743478162787934,0.2906546774080549,1.6770236968991268,-0.309274085618141
0.7,0.30000000000000004,3.0,0.0,0.2,2.044,0.31600000000000006,0.5327884877397507,0.30409070951637024,1.7520709152446794,-0.315783964548095
0.7,0.30000000000000004,3.0,0.0,0.25,1.908,0.17999999999999994,0.5241819699872982,0.3155551536245276,1.6611421615728426,-0.3402151642592551
0.7,0.30000000000000004,3.0,0.0,0.3,1.878,0.1499999999999999,0.5319391247406305,0.32473060176952273,1.6380936131118737,-0.3732259808971606
0.7,0.30000000000000004,3.0,0.1,0.1,1.728,0.0,0.43726854721948194,0.280682861245056,1.5578740550094208,-0.32397833806026105
0.7,0.30000000000000004,3.0,0.1,0.15,1.909,0.18100000000000005,0.48652338325652716,0.2907852180700505,1.6731365730541472,-0.31084220514566513
0.7,0.30000000000000004,3.0,0.1,0.2,2.029,0.30099999999999993,0.53080614558612,0.3046736417759358,1.7422122323810585,-0.3164037010261793
0.7,0.30000000000000004,3.0,0.1,0.25,1.901,0.17300000000000004,0.5233150672771893,0.3160075914564574,1.6560205559153371,-0.3461522827746836
0.7,0.30000000000000004,3.0,0.1,0.3,1.861,0.133,0.5287091384340606,0.3248596057458076,1.6275004004276201,-0.3786011535227505
0.7,0.30000000000000004,3.0,0.2,0.1,1.728,0.0,0.4372685472348549,0.2806828612486439,1.5578740550442767,-0.3239783380608487
0.7,0.30000000000000004,3.0,0.2,0.15,1.895,0.16700000000000004,0.4845848151988442,0.29118589529908345,1.6641768128951318,-0.312776913739573
0.7,0.30000000000000004,3.0,0.2,0.2,2.019,0.29100000000000015,0.5290662707338001,0.30479476354779506,1.7358115493045105,-0.317023888638932
0.7,0.30000000000000004,3.0,0.2,0.25,1.892,0.16399999999999992,0.5226250867442831,0.31664437619338226,1.6505111918523496,-0.3520625742353072
0.7,0.30000000000000004,3.0,0.2,0.3,1.85,0.12200000000000011,0.5265041181584198,0.324985695925876,1.6200839752605816,-0.38456861469832104
0.7,0.30000000000000004,3.0,0.3,0.1,1.728,0.0,0.43726854731758763,0.28068286126152514,1.557874055267537,-0.32397833806148857
0.7,0.30000000000000004,3.0,0.3,0.15,1.893,0.16500000000000004,0.48437850515264563,0.2913129635818866,1.6627427052915527,-0.31474954876060546
0.7,0.30000000000000004,3.0,0.3,0.2,2.014,0.2859999999999998,0.5280935562571698,0.30473925478959113,1.7329357736396476,-0.3176445013752936
0.7,0.30000000000000004,3.0,0.3,0.25,1.894,0.16599999999999993,0.523754841716108,0.31719413793466195,1.6512122359083288,-0.3581332568063322
0.7,0.30000000000000004,3.0,0.3,0.3,1.837,0.10899999999999999,0.5241810461351267,0.3251395039603687,1.6121727435464723,-0.39049194628090167
0.7,0.30000000000000004,3.0,0.4,0.1,1.728,0.0,0.43726854749573435,0.2806828612835002,1.5578740557802593,-0.3239783380621116
0.7,0.30000000000000004,3.0,0.4,0.15,1.904,0.17599999999999993,0.48660588812605343,0.2913436659283922,1.6702126904851045,-0.31671991824538803
0.7,0.30000000000000004,3.0,0.4,0.2,2.012,0.28400000000000003,0.5276676169079942,0.3047254112215909,1.7316167194349397,-0.31826559032519663
0.7,0.30000000000000004,3.0,0.4,0.25,1.899,0.17100000000000004,0.5255741500653712,0.31772686142033196,1.6541697095294403,-0.3630638322535078
0.7,0.30000000000000004,3.0,0.4,0.3,1.828,0.10000000000000009,0.5226068050184434,0.32539268323017917,1.6060803821109804,-0.394661001795192
0.7,0.30000000000000004,3.0,0.5,0.1,1.728,0.0,0.4372685475361029,0.2806828612954217,1.557874055857914,-0.3239783380627259
0.7,0.30000000000000004,3.0,0.5,0.15,1.915,0.18700000000000006,0.488792844609973,0.29141294298563925,1.6773202988244096,-0.3181394461482429
0.7,0.30000000000000004,3.0,0.5,0.2,2.0,0.272,0.5253832481451696,0.3047523219306758,1.7239679908482608,-0.31908247267399586
0.7,0.30000000000000004,3.0,0.5,0.25,1.901,0.17300000000000004,0.5265495961039609,0.3180452132065194,1.6555809496244527,-0.36631610666325154
0.7,0.30000000000000004,3.0,0.5,0.3,1.825,0.09699999999999998,0.5223580777962604,0.32558819726613747,1.6043520071745176,-0.39731079463966934
0.7,0.30000000000000004,5.0,0.0,0.1,1.728,0.0,0.4372685468030949,0.2806828612580759,1.5578740534536777,-0.3239783380517453
0.7,0.30000000000000004,5.0,0.0,0.15,1.852,0.12400000000000011,0.4753876785092361,0.2904977063735437,1.6364593181949154,-0.3104686119962021
0.7,0.30000000000000004,5.0,0.0,0.2,2.03,0.3019999999999998,0.5278857662185235,0.30269853963856524,1.7439323190949028,-0.3120810404520027
0.7,0.30000000000000004,5.0,0.0,0.25,1.962,0.23399999999999999,0.532188171605271,0.3138968693199125,1.6954236362991049,-0.33010625090359863
0.7,0.30000000000000004,5.0,0.0,0.3,1.917,0.18900000000000006,0.5344284464248047,0.3212355833452868,1.6636651545864491,-0.36917114987686145
0.7,0.30000000000000004,5.0,0.1,0.1,1.728,0.0,0.43726854686861477,0.280682861259434,1.55787405367957,-0.3239783380521714
0.7,0.30000000000000004,5.0,0.1,0.15,1.841,0.11299999999999999,0.47353025839799356,0.29060316842754236,1.629473831824588,-0.3103721762221005
0.7,0.30000000000000004,5.0,0.1,0.2,2.023,0.29500000000000015,0.5269847876100734,0.3029771323685423,1.7393549918778937,-0.31245236863178516
0.7,0.30000000000000004,5.0,0.1,0.25,1.955,0.2270000000000001,0.5313473420118282,0.3142502259665775,1.6908415590712746,-0.3337191227898679
0.7,0.30000000000000004,5.0,0.1,0.3,1.909,0.18100000000000005,0.533327194040726,0.3215280793680891,1.6587266502163467,-0.3718459335496185
0.7,0.30000000000000004,5.0,0.2,0.1,1.728,0.0,0.4372685469917207,0.2806828612452384,1.5578740541969542,-0.3239783380527931
0.7,0.30000000000000004,5.0,0.2,0.15,1.838,0.1100000000000001,0.4731630912682642,0.29072579720843356,1.6275235834301753,-0.3109795674300192
0.7,0.30000000000000004,5.0,0.2,0.2,2.022,0.2939999999999998,0.5271005039354936,0.3031143347430937,1.7389494442162912,-0.31282386200594486
0.7,0.30000000000000004,5.0,0.2,0.25,1.944,0.21599999999999997,0.529865736826999,0.3145956191734697,1.6842756368289675,-0.33731658328033454
0.7,0.30000000000000004,5.0,0.2,0.3,1.897,0.16900000000000004,0.53120883770295,0.32172985357798684,1.6511021025724795,-0.3745133994065424
0.7,0.30000000000000004,5.0,0.3,0.1,1.728,0.0,0.4372685470977806,0.2806828612614235,1.5578740544849858,-0.323978338053296
0.7,0.30000000000000004,5.0,0.3,0.15,1.842,0.1140000000000001,0.47384741094581273,0.2907310469226438,1.6298479848005074,-0.3120675015531566
0.7,0.30000000000000004,5.0,0.3,0.2,2.018,0.2899999999999998,0.5265249736570925,0.3032238183440889,1.7364235320709813,-0.3131955281550604
0.7,0.30000000000000004,5.0,0.3,0.25,1.934,0.20599999999999996,0.528331458625243,0.314874048640922,1.6779136321511998,-0.3408987517435925
0.7,0.30000000000000004,5.0,0.3,0.3,1.883,0.15500000000000003,0.528706336607038,0.32195570071696156,1.6421710671053953,-0.37725995511349836
0.7,0.30000000000000004,5.0,0.4,0.1,1.728,0.0,0.43726854710977137,0.28068286126156444,1.5578740545269236,-0.32397833805357823
0.7,0.30000000000000004,5.0,0.4,0.15,1.852,0.12400000000000011,0.4758945169047223,0.2908202951077716,1.6363868853388182,-0.3131549765890139
0.7,0.30000000000000004,5.0,0.4,0.2,2.007,0.27900000000000014,0.5244522453153114,0.30328398959233743,1.7292447452312263,-0.31356732776297364
0.7,0.30000000000000004,5.0,0.4,0.25,1.927,0.19900000000000007,0.5273372187026643,0.3151603231624291,1.6732347949487356,-0.3444656609229871
0.7,0.30000000000000004,5.0,0.4,0.3,1.87,0.14200000000000013,0.5265726645376739,0.32219254801394615,1.6343415382620246,-0.3800738855937186
0.7,0.30000000000000004,5.0,0.5,0.1,1.728,0.0,0.4372685470766115,0.2806828612671514,1.5578740543777743,-0.32397833805417137
0.7,0.30000000000000004,5.0,0.5,0.15,1.868,0.14000000000000012,0.4789164763833411,0.29081982068016565,1.6467807292613599,-0.3142419936033644
0.7,0.30000000000000004,5.0,0.5,0.2,1.997,0.26900000000000013,0.5224616408529282,0.30325777519775426,1.7228301583108008,-0.31393935327012173
0.7,0.30000000000000004,5.0,0.5,0.25,1.917,0.18900000000000006,0.5254476997619478,0.3152417198709855,1.6668088855021803,-0.3481186035712775
0.7,0.30000000000000004,5.0,0.5,0.3,1.861,0.133,0.524888243712454,0.32232025521433594,1.6284680693225897,-0.3828798513401009
0.7,0.30000000000000004,7.0,0.0,0.1,1.728,0.0,0.4372685468716218,0.2806828612612289,1.557874053680321,-0.323978338054855
0.7,0.30000000000000004,7.0,0.0,0.15,1.849,0.121,0.47452894665423845,0.29029651321321503,1.6346353643790053,-0.3109831712576688
0.7,0.30000000000000004,7.0,0.0,0.2,1.993,0.2650000000000001,0.5182148039364649,0.30097304815163106,1.7217980384588685,-0.31049381223617434
0.7,0.30000000000000004,7.0,0.0,0.25,1.957,0.2290000000000001,0.5281115032311562,0.31183815924891856,1.6935435499720282,-0.3269242060705126
0.7,0.30000000000000004,7.0,0.0,0.3,1.911,0.18300000000000005,0.5291211380128795,0.31844869226038913,1.6615585206430294,-0.3687916772065742
0.7,0.30000000000000004,7.0,0.1,0.1,1.728,0.0,0.4372685468518131,0.280682861260068,1.5578740536161912,-0.3239783380549699
0.7,0.30000000000000004,7.0,0.1,0.15,1.839,0.11099999999999999,0.4726772458211711,0.290322881519738,1.628108826100348,-0.3109140654709363
0.7,0.30000000000000004,7.0,0.1,0.2,1.982,0.254,0.5166185352447585,0.3012272609166205,1.7150457553964817,-0.3107588862790421
0.7,0.30000000000000004,7.0,0.1,0.25,1.951,0.2230000000000001,0.5272547625621473,0.3120449439474544,1.6896757111082445,-0.32886851538244266
0.7,0.30000000000000004,7.0,0.1,0.3,1.897,0.16900000000000004,0.5267640765497581,0.31873823648088806,1.6526541727959378,-0.3707679983795985
0.7,0.30000000000000004,7.0,0.2,0.1,1.728,0.0,0.4372685469042695,0.28068286126464365,1.5578740537776834,-0.3239783380547381
0.7,0.30000000000000004,7.0,0.2,0.15,1.835,0.10699999999999998,0.47196752020032295,0.2903938514634877,1.6252669187786342,-0.310844987897056
0.7,0.30000000000000004,7.0,0.2,0.2,1.975,0.2470000000000001,0.5153950285708359,0.30136295447077666,1.710213617582562,-0.31102404458678573
0.7,0.30000000000000004,7.0,0.2,0.25,1.939,0.21100000000000008,0.5251747877077071,0.3122231933259986,1.6820492485302376,-0.3309178912408455
0.7,0.30000000000000004,7.0,0.2,0.3,1.886,0.15799999999999992,0.5248518440884573,0.3189198481575209,1.6457170888568293,-0.37274049921760505
0.7,0.30000000000000004,7.0,0.3,0.1,1.728,0.0,0.4372685469167708,0.280682861262234,1.5578740538355964,-0.32397833805465864
0.7,0.30000000000000004,7.0,0.3,0.15,1.837,0.10899999999999999,0.47238042603014363,0.29038198460134096,1.6267552778064531,-0.31104190144876825
0.7,0.30000000000000004,7.0,0.3,0.2,1.969,0.2410000000000001,0.5144349393119957,0.30149847333337226,1.7062605114526592,-0.3112892886358942
0.7,0.30000000000000004,7.0,0.3,0.25,1.927,0.19900000000000007,0.5230232312363583,0.3123295150714567,1.6745879143592874,-0.333592016305772
0.7,0.30000000000000004,7.0,0.3,0.3,1.874,0.14600000000000013,0.5227407903995048,0.3191119691762933,1.6381108854952313,-0.37470917715092916
0.7,0.30000000000000004,7.0,0.4,0.1,1.728,0.0,0.4372685469252078,0.2806828612642677,1.5578740538543676,-0.323978338054775
0.7,0.30000000000000004,7.0,0.4,0.15,1.845,0.11699999999999999,0.47393487262996764,0.2903940775944586,1.6320404209201111,-0.31181833936738534
0.7,0.30000000000000004,7.0,0.4,0.2,1.967,0.2390000000000001,0.5142487299699339,0.30164152700712654,1.7048339964072132,-0.3115546290662455
0.7,0.30000000000000004,7.0,0.4,0.25,1.916,0.18799999999999994,0.520880614214178,0.31241478770105435,1.66727259630425,-0.33623981469396663
0.7,0.30000000000000004,7.0,0.4,0.3,1.863,0.135,0.5208119043672019,0.3192708166743713,1.6312543369674315,-0.37667403256038356
0.7,0.30000000000000004,7.0,0.5,0.1,1.728,0.0,0.43726854699351336,0.2806828612690889,1.5578740540709635,-0.3239783380546759
0.7,0.30000000000000004,7.0,0.5,0.15,1.858,0.13000000000000012,0.47627298148785624,0.29038011233399563,1.6401708011602611,-0.312594601398844
0.7,0.30000000000000004,7.0,0.5,0.2,1.964,0.236,0.5138657133045886,0.30170162579131676,1.7032248731069919,-0.31182001727021014
0.7,0.30000000000000004,7.0,0.5,0.25,1.903,0.17500000000000004,0.5184361532580215,0.3123952403975333,1.6595520232584027,-0.3388336182931582
0.7,0.30000000000000004,7.0,0.5,0.3,1.854,0.1260000000000001,0.5188955619200336,0.31932834129204013,1.6249593124760582,-0.3786350510546863
0.7,0.30000000000000004,10.0,0.0,0.1,1.728,0.0,0.43726854673418214,0.2806828612631916,1.5578740531797657,-0.3239783380606193
0.7,0.30000000000000004,10.0,0.0,0.15,1.872,0.14400000000000013,0.4774501722209571,0.28938849371416514,1.6498588665123095,-0.3071730408254857
0.7,0.30000000000000004,10.0,0.0,0.2,1.958,0.22999999999999998,0.5078757079982196,0.2985504999799851,1.7011383602850025,-0.3061693156903822
0.7,0.30000000000000004,10.0,0.0,0.25,1.903,0.17500000000000004,0.5115537330380833,0.3079523534545392,1.661145717185111,-0.32646837873453477
0.7,0.30000000000000004,10.0,0.0,0.3,1.88,0.1519999999999999,0.5166031702729363,0.31426523730351147,1.6438444630578428,-0.36517141588640545
0.7,0.30000000000000004,10.0,0.1,0.1,1.728,0.0,0.43726854671750565,0.28068286126296993,1.557874053121582,-0.32397833805990167
0.7,0.30000000000000004,10.0,0.1,0.15,1.862,0.13400000000000012,0.4758931205318009,0.28962703751421587,1.643123945251287,-0.3086498200099028
0.7,0.30000000000000004,10.0,0.1,0.2,1.945,0.21700000000000008,0.5058387450578196,0.298851197027088,1.6926107376841797,-0.30835077735101574
0.7,0.30000000000000004,10.0,0.1,0.25,1.888,0.15999999999999992,0.5092002687791364,0.308297643338306,1.6516515120434208,-0.3277544243887205
0.7,0.30000000000000004,10.0,0.1,0.3,1.864,0.13600000000000012,0.5142884567593707,0.31478389876818996,1.633782600609118,-0.36980091072880117
0.7,0.30000000000000004,10.0,0.2,0.1,1.728,0.0,0.43726854667364146,0.28068286126338937,1.5578740529629773,-0.3239783380592906
0.7,0.30000000000000004,10.0,0.2,0.15,1.853,0.125,0.4746310922641614,0.28984096750262345,1.6375569552977887,-0.3098035222561835
0.7,0.30000000000000004,10.0,0.2,0.2,1.937,0.20900000000000007,0.5046402338222655,0.2990389845548981,1.6875399526031456,-0.30983336734623823
0.7,0.30000000000000004,10.0,0.2,0.25,1.876,0.1479999999999999,0.5071780296483751,0.30852114799845226,1.6439003709752806,-0.3290421282205371
0.7,0.30000000000000004,10.0,0.2,0.3,1.853,0.125,0.5124453530096379,0.31513591872149066,1.6261089979480392,-0.37209529782405776
0.7,0.30000000000000004,10.0,0.3,0.1,1.728,0.0,0.437268546659506,0.2806828612585612,1.5578740529394142,-0.32397833805873044
0.7,0.30000000000000004,10.0,0.3,0.15,1.852,0.12400000000000011,0.4745684535229944,0.28993588977823004,1.6368047911763823,-0.31092946099914787
0.7,0.30000000000000004,10.0,0.3,0.2,1.934,0.20599999999999996,0.5041640477831775,0.2991958164316368,1.6850638280845542,-0.30996730553846014
0.7,0.30000000000000004,10.0,0.3,0.25,1.865,0.137,0.5053512134138398,0.3086793246346983,1.6371398181977033,-0.33032844603890005
0.7,0.30000000000000004,10.0,0.3,0.3,1.843,0.11499999999999999,0.5109598104011889,0.31538504393263755,1.6201142705749982,-0.37346490191028564
0.7,0.30000000000000004,10.0,0.4,0.1,1.728,0.0,0.43726854664257503,0.2806828612658455,1.5578740528386634,-0.3239783380582734
0.7,0.30000000000000004,10.0,0.4,0.15,1.856,0.1280000000000001,0.4753175620053698,0.28994782809358915,1.6393209948513465,-0.31117625526718035
0.7,0.30000000000000004,10.0,0.4,0.2,1.932,0.20399999999999996,0.5040845066908201,0.29932837279385893,1.6840518724831084,-0.3100454055032747
0.7,0.30000000000000004,10.0,0.4,0.25,1.857,0.129,0.5037310973482828,0.30873522104691054,1.6315958238912553,-0.3316133200261674
0.7,0.30000000000000004,10.0,0.4,0.3,1.835,0.10699999999999998,0.5096084844327768,0.31558840662528226,1.6147883563982333,-0.37483274208180434
0.7,0.30000000000000004,10.0,0.5,0.1,1.728,0.0,0.4372685466761128,0.28068286126663317,1.557874052953778,-0.3239783380579233
0.7,0.30000000000000004,10.0,0.5,0.15,1.862,0.13400000000000012,0.476576801375774,0.28996888685320077,1.6435446111052774,-0.31136153573907116
0.7,0.30000000000000004,10.0,0.5,0.2,1.931,0.20300000000000007,0.5038933874876719,0.29938596273977924,1.6830895572937958,-0.3106228527923849
0.7,0.30000000000000004,10.0,0.5,0.25,1.848,0.1200000000000001,0.5020061847356079,0.30876870970956966,1.625832440106379,-0.33289685543423087
0.7,0.30000000000000004,10.0,0.5,0.3,1.825,0.09699999999999998,0.5078451105377215,0.3157460479200346,1.6083973620038396,-0.3761988044908746
