,AKBNK.IS,BIMAS.IS,EKGYO.IS,EREGL.IS,FROTO.IS,GARAN.IS,MGROS.IS,SISE.IS,THYAO.IS,TOASO.IS
2017-06-30,4.673099963531195e-09,1.2714681628555121e-08,1.8053500632513544e-09,0.1999999988364873,0.19999999863142126,4.829245721365527e-07,0.1999999993345594,0.19999999858579948,0.13144215435610668,0.06855734813792203
2017-07-31,6.719766525629027e-10,3.2288765522382795e-10,2.3270968516882674e-10,0.19999999984685757,0.19031050876976016,0.009689522189031425,0.19999999981331848,0.19999996794838185,0.19999999976562405,4.394525133403022e-10
2017-08-31,3.1493949466645206e-10,0.19999999942439187,3.838837278886562e-10,0.1999999998423583,0.19999998414432996,1.3524337087973322e-09,0.19999999958893996,6.9379325932811906e-09,0.19999999983539687,8.175393438715229e-09
2017-09-29,3.9427915018586944e-10,0.1999999984322758,1.007127713606853e-09,0.19999999941169908,0.19999999756957063,8.282786950147428e-10,2.1233519831351334e-07,0.14758358381815556,0.1999999993375608,0.05241620686585419
2017-10-31,7.383866306029842e-10,0.19999999779313762,1.2731930090997225e-09,0.19999999932420226,0.19999999926851028,1.1682598290582744e-09,0.03160672110812323,0.16839327463020587,0.19999999924377676,5.452204422987793e-09
2017-11-30,2.1003167819449896e-10,0.19999999971284593,1.8820190504569965e-10,0.19999999987201358,0.1999999999192946,5.199498902996815e-10,8.559726809252465e-08,3.4732737578967996e-09,0.19999999988045794,0.19999991062666272
2017-12-29,5.6397573890749115e-11,0.1999999999637287,2.6817474954873366e-11,0.1999999999879749,0.19999999998630957,1.872057401284148e-09,0.1999999972761344,3.445413530404551e-10,0.1999999999804544,5.055842026743506e-10
2018-01-31,2.6256933254830774e-10,0.19999999950221747,1.3084006314049386e-10,0.19999999984994624,0.19999999988214415,0.19999994544287433,4.741324606662e-08,7.372281207295282e-09,0.19999999985318148,2.906995673340303e-10
2018-02-28,9.307623493789772e-10,0.19999999971686158,1.9461419677244329e-10,0.19999999993144799,0.19999999980920688,0.055107389621093364,8.684962742617652e-10,0.14489260854241207,0.1999999998037958,5.813093932766465e-10
2018-03-30,4.0714085126671214e-10,0.19999999222617657,1.0083429760041768e-10,0.1999999999575858,0.1999999999671961,8.529839348526528e-09,1.9112483423914036e-10,0.1999999986092296,0.19999999982200203,1.8887048339343307e-10
2018-04-30,1.3289673769877431e-10,0.19999999991323772,5.076569720486751e-11,0.20000000000883328,0.20000000000168033,4.056874848705354e-10,2.5231753074023537e-10,0.19999999918229328,0.19999999994567538,1.0661256500111573e-10
2018-05-31,2.6158223296083155e-09,0.19999999963124962,6.675515466798441e-10,0.1999999998614101,0.19999999987927455,0.07590111936596042,7.839946975031933e-10,0.12409884097544507,0.19999999981867542,3.6400616174714044e-08
2018-06-29,1.3764180472178184e-09,0.19999999914314878,9.591709335051831e-10,0.19999999945253705,0.19999999946844058,3.609703260103712e-09,1.1831261569625091e-09,0.1999999803128299,0.19999999981101627,1.4683608998807984e-08
2018-07-31,7.631566489512362e-11,0.1999999995661537,5.9696819574349e-11,0.1999999999750971,0.19999999997101564,4.347738538973442e-11,4.472507403990976e-11,0.19999999985485337,0.19999999997255197,4.3611345864502885e-10
2018-08-31,5.0411883903794124e-11,0.19999999913756458,1.3566471801964688e-10,0.19999999997596413,0.19999999997251625,4.928420918414945e-11,3.112447802617773e-11,0.19999999996205153,0.20000000000487037,6.80547992606747e-10
2018-09-28,9.400668452260092e-11,0.19999999948906902,8.363301771262666e-11,0.20000000000449158,0.2000000000069,1.9374245384580025e-10,4.0017173236597034e-11,0.20000000000311857,0.1999999999831941,1.0182743034783104e-10
2018-10-31,4.26757023558238e-12,0.19999999996384682,9.39663974886811e-12,0.19999999990076053,0.19999999999876936,1.7395276413534784e-11,1.665422464184604e-11,0.19999999993949444,0.20000000000875023,1.406648551355263e-10
2018-11-30,5.938456785643218e-07,0.19999999987542003,2.1859509456590662e-10,0.14951988963196114,0.19999999984992717,0.050479516376677115,1.5072656293010414e-10,0.19999999992872622,0.1999999999741458,1.4814238435135367e-10
2018-12-31,2.945563666321052e-07,0.1999999995329147,8.961656722912141e-10,0.12091981364360938,0.19999999934031482,0.07907989185826904,7.616830506186483e-10,0.19999999910166463,0.19999999948468616,8.2432598505609e-10
2019-01-31,0.004907375557532088,0.19999999933990947,6.822526990245084e-10,0.19434838566778756,0.19999999968672919,0.000744242634755353,7.17608750321248e-10,0.19999999936962815,0.19999999529982326,1.0439734643425094e-09
2019-02-28,0.06574364085385688,0.19999999922158773,1.181207116484599e-09,0.19999999953991418,0.19999999983609584,0.09734045146070715,1.1138211422567176e-09,0.199999999707303,0.03400901340450659,0.002906893681000355
2019-03-29,0.043289689979100106,0.1999999993908137,1.0361937940560808e-09,0.19999999954170672,0.18108144546185323,0.1756288549852708,4.579354638647458e-10,0.19999999956873057,3.3620813331975924e-09,6.216314251020465e-09
2019-04-30,4.104119646261592e-10,0.1999999999701578,3.1683865805333295e-11,0.19145444672758397,0.19999999997509166,0.1704341273905548,2.1318260088175496e-11,0.19999999997809131,0.03811142514174429,3.5336201738614464e-10
2019-05-31,0.14016015963643438,0.19999999998819026,1.4747901012472585e-11,0.07620729213590066,0.19999999999445964,0.17904814689823734,1.71820667873898e-11,0.19999999998774737,0.0045843912082098055,1.0118890580624116e-08
2019-06-28,0.1699362267573893,0.19999999998873189,1.9133426748397478e-11,2.941839472303843e-08,0.19999999997808873,0.13834631745460943,7.974187509703552e-12,0.19999999999224435,0.09171742608729871,2.9613537963972957e-10
2019-07-31,0.19999999975579993,0.1999999998135568,6.741868445627782e-11,1.0127176718842626e-10,0.19999999941967087,0.19999999991690698,9.683914767098184e-11,0.16943453331122038,3.9123285570217336e-11,0.030565467478192162
2019-08-29,0.19999999976119068,0.19999999991404618,7.447508156896413e-11,7.329911141605839e-11,0.19999999930996493,0.19999999990109113,0.19999999984321928,1.3397539119680707e-10,2.3963586948599094e-11,9.647746349857725e-10
2019-09-30,0.19999999948705718,0.1999999989106042,1.1662330021137415e-09,9.129230019359213e-10,0.19999970937132416,0.19999999947788727,0.1999999990948659,9.896454678877681e-10,7.91970127292043e-10,2.89797489683701e-07
2019-10-31,0.12930116228479221,0.19999999987467088,2.5139383096161846e-11,0.0,0.07069883844565922,0.19999999959539608,0.19999999994923373,3.246476030192829e-11,2.5008077526968622e-11,0.1999999997676356
2019-11-29,0.014995941345875625,0.10846894494806866,1.9876846307165002e-11,0.09886403388927147,0.19999999989129466,0.17767107990542844,0.199999999976917,2.3366927698096334e-11,2.453230197633977e-11,0.19999999997536813
2019-12-31,0.10807654183850447,4.3430348546533883e-10,0.0,0.19999999262276819,0.1999999924389403,0.09192347979421599,0.19999999430898482,0.0,9.0525140332011e-10,0.1999999976570314
2020-01-31,5.691712322456327e-08,1.958129208200239e-10,3.629325720545371e-10,0.19999999708161076,0.19999999444469488,0.1999999521128227,0.19999999932976703,2.2602581149438624e-10,4.22895417648823e-10,0.19999999890631479
2020-02-28,4.248447082853365e-09,0.19999993663495957,2.7240779084434193e-09,0.13306283992123802,0.19999999718221573,0.06693721815888702,0.19999999905200902,2.024099753787786e-09,1.3050615290970294e-09,0.19999999874900432
2020-03-31,9.405007726015454e-10,0.19999999996119877,2.7399217605787823e-11,0.1327703550971078,0.19999999990112718,0.0672296451324394,0.19999999996315643,2.586222417163187e-11,1.9674975321269694e-11,0.1999999989315332
2020-04-30,1.8344166086777817e-09,0.19999999988568867,5.440211691573082e-10,0.19999997567238387,0.19999999946141908,2.2224070115576412e-08,0.19999999958020326,6.070725002702384e-10,3.500693251800245e-10,0.19999999984065536
2020-05-29,1.577677918558853e-10,0.19999999998433757,0.19999999987713465,0.004482167670388956,0.19551783160216585,4.1762521627932934e-10,0.19999999993843537,2.1999471887049784e-10,1.9669044500793903e-10,0.19999999993545928
2020-06-30,2.4289157265527157e-11,0.19999999999565776,0.19999999999459012,7.581447449807491e-10,0.1999999986074426,2.996712209830632e-11,0.1999999999839527,5.927128834916533e-10,3.463056712791161e-11,0.1999999999786123
2020-07-30,2.8133601673625365e-11,0.19999999994493084,0.1999999999627292,7.524345012010836e-11,0.1999999994496289,2.3512542239500933e-11,0.19999999994555098,1.2013405779514213e-09,2.013680944967177e-11,0.1999999993487931
2020-08-31,9.086724960840334e-11,0.1999999982412578,0.11858723346669624,0.12370390037279856,0.19999999947212405,7.457060243116258e-11,0.1999999998986574,0.05759238521814258,0.0,0.10011648316488554
2020-09-30,1.650918870762666e-10,0.19999999573678148,4.754305181079292e-10,0.1473813230287707,0.19999999929649642,2.1161839468500347e-10,0.19999999964769985,0.1999999985078637,9.309328145001793e-11,0.05261868283715385
2020-10-30,2.81350671168478e-10,0.1999999990036514,0.023288846825140368,0.19999999882064443,0.1999999997189421,2.976137635145154e-10,0.199999999684462,0.17550096741893784,2.2094395094221272e-10,0.0012101877283134058
2020-11-30,3.94510587536664e-11,0.19999999990129058,0.1280243251652058,0.19999999924721734,0.19999999993941103,1.0249228805359772e-12,0.19999999995312528,0.07197567451579658,1.4596630644307413e-11,1.2228807413508776e-09
2020-12-31,6.718323878716343e-11,0.1999999999614382,0.06954979982938093,0.1999999999663165,0.19999999998116863,1.434925168362584e-11,0.19999999997089452,0.12291092067903309,3.521608762585329e-11,0.00753927949501962
2021-01-29,1.497829838704239e-10,0.19999999825950218,0.046023021039656324,0.19999999868798946,0.199999999825822,1.3443190639168054e-10,0.1999999995318315,0.13224185800020624,8.470963758077342e-11,0.021735124286067713
2021-02-26,1.0199461271061212e-11,0.19999999981579838,0.09123364352706556,0.19999999998378412,0.19999999999512452,6.518928336187248e-12,0.1999999998777494,0.10586633836905225,2.1078727857243506e-12,0.002900018412599434
2021-03-31,7.213893496338905e-11,0.044894004433675964,0.11590569285493817,0.1999999999563147,0.1999999999203698,7.675097303145708e-11,0.039200298044682155,0.1999999995949254,5.07757020338571e-09,0.19999999996863363
2021-04-30,4.2286801081913156e-10,0.07722912102288595,0.12277082838488913,0.19999999956641762,0.19999999971843238,4.3278915006856593e-10,6.017690937971218e-08,0.19999999944053368,2.5154134895638253e-09,0.1999999883188613
2021-05-31,2.3186418366911614e-09,0.05284347347726517,0.14715647415777983,0.19999999927020035,0.19999999958766215,9.382140913532405e-09,2.786274313056307e-08,0.19999999938469154,1.6286505542377464e-08,0.1999999982723694
2021-06-30,2.3167697738312e-09,0.06110258356566494,4.133337192353206e-09,0.19999999953413755,0.19999999968871696,0.005163151625848105,1.5279361596489833e-09,0.199999999600653,0.1337342585221493,0.19999999948478686
2021-07-30,4.1796214036964255e-10,1.96699854775085e-09,2.4720253965094687e-10,0.19999999975534002,0.1999999999247317,0.153489593641096,2.934700399511083e-10,0.19999999925121523,0.046510404911803804,0.19999999959018008
2021-08-31,2.1190874814274837e-09,1.5894231656481266e-09,6.230637757094442e-10,0.19999999961233195,0.19999999983291689,0.19999999597520263,4.38431654708467e-10,0.1999999982607431,1.6187130780801845e-09,0.19999999993008635
2021-09-30,5.716137049725395e-10,1.056095781508706e-09,1.2237100627644502e-09,0.19999999987372635,0.19999999992598835,0.19999999302576463,4.2976500518735453e-10,4.4316009886635864e-08,0.19999996006891924,0.19999999950840694
2021-10-28,9.89570155087155e-11,5.565824721515365e-11,1.1911608407212946e-10,0.19999999997109946,0.19999999994729575,0.19999999814959135,5.813811703888664e-11,2.33725179156606e-09,0.199999999336111,0.19999999992678127
2021-11-30,1.9654341580122587e-10,1.9967066928638897e-10,2.3007219717689103e-10,0.19999999995424456,0.19999999993603731,0.0013399719526873985,1.5689449105667074e-10,0.19999999986661202,0.19866002763533447,0.19999999987190353
2021-12-31,1.94573481727221e-09,2.025540880450411e-10,2.5554239457542613e-10,0.19999999982969763,0.19999999936180515,1.3919993643480906e-08,2.022589016430052e-10,0.19999999982572433,0.19999998462531454,0.19999999983137462
2022-01-31,6.224184024906807e-09,1.379801802318319e-10,1.493156046728346e-10,0.19999999973422322,0.17114352615031067,0.028856468312317064,1.809381460253244e-10,0.1999999994312441,0.19999999983609948,0.19999999984338734
2022-02-28,8.438610918071076e-09,1.6119958812945828e-09,4.3192005769824727e-10,0.19999999961208392,0.11075687308422048,0.0892431259418901,4.535295358427351e-10,0.1999999913355123,0.1999999994842641,0.19999999960597273
2022-03-31,2.7225255830621203e-10,3.8066205959183126e-11,4.2301430146010436e-11,0.1999999999218319,3.2211283650478885e-09,0.1999999996647284,4.2189408711337205e-11,0.19999999688711673,0.1999999999525079,0.19999999995787715
2022-04-29,0.07845145792746168,6.14222943825191e-12,1.8093572461399432e-11,0.12154854198252261,1.2539223769922493e-10,0.19999999996783033,5.575762370912445e-12,0.1999999999810374,0.19999999999218152,0.19999999999376264
2022-05-31,2.6539601103754727e-10,2.8461050509585363e-11,6.378550459548533e-11,0.13030814958315567,0.06969185045580711,0.19999999963859533,1.778938570641493e-11,0.19999999997320042,0.19999999997766918,0.19999999999614018
2022-06-30,0.020095277011847962,4.698836926880935e-11,5.756105083770237e-11,0.11392063748047047,0.06598408454332588,0.19999999998913942,8.950537158345742e-10,0.19999999999775703,0.19999999999243398,0.19999999998542203
2022-07-29,0.03146447727817589,8.737316868179696e-11,0.07342868148226812,8.378370268328059e-11,0.09510683871235862,0.19999999996189718,2.455444701029334e-09,0.19999999999801182,0.19999999998968226,0.1999999999510045
2022-08-31,2.5400184735138054e-09,1.1472991943065997e-10,0.14809216708854628,1.506707933252266e-10,6.735147093188184e-08,0.19999999970140048,0.19999999802166582,0.1999999998844917,0.19999999989825484,0.05190776524875068
2022-09-30,0.03225852993590302,3.896048751077922e-10,0.11988265489146697,1.7020833970425793e-10,0.06295079793763883,0.18490801469928797,0.19999999998831386,0.19999999995180168,0.19999999997679155,2.058983067639311e-09
2022-10-31,0.15388666438008994,0.04983476321358816,0.01942906266983832,4.273255605427784e-11,7.801493581562399e-10,0.1768495088249796,0.19999999998465992,0.19999999999406456,0.19999999998535445,1.245431122872609e-10
2022-11-30,0.1303140180531952,1.2412661332373457e-10,0.1999999998179647,5.934017309369602e-10,1.9239572409034742e-10,0.06968598128847557,0.19999999995144613,0.19999999990856362,0.19999999996172502,1.0870556429960295e-10
2022-12-30,0.056038323652981364,6.315394839737964e-10,0.1999999999679008,6.439032042086103e-11,2.1903470755814487e-09,0.1433184110157108,0.19999999994969578,0.1999999999567832,0.19999999996052115,0.0006432626101299298
2023-01-31,0.005529915443910716,2.529842713712612e-09,0.19999999948665625,8.325656536421686e-10,0.09714795715450181,0.04758741947719641,0.1999999997137051,0.19999999951810185,0.19999999966123813,0.04973470618228136
2023-02-28,0.029597603191835273,1.2431222113047545e-10,0.1999999999882918,2.4377103819627296e-11,0.0782555211232501,2.6266466383246066e-09,0.19999999999389545,0.19999999998953888,0.19999999999496623,0.09214687294288633
2023-03-31,0.08249784979916686,9.761278166457287e-10,0.09518260169538718,2.737771836376214e-10,3.643952947805423e-09,0.022319545718759586,0.1999999999074518,0.19999999992841347,0.19999999990942108,0.19999999814754219
2023-04-28,4.91935287157952e-10,0.09554442458838748,0.06254426019657236,1.0115356573717798e-10,2.6317480971570803e-09,0.10987209634151392,0.19999999993816156,0.13203921585335962,0.19999999995830708,0.1999999998988611
2023-05-31,0.043131321273903664,1.3989857808419524e-09,0.19999999996496298,1.8156514042913473e-11,0.11440325248269541,0.04246538964425937,0.1999999999923403,3.523933792314714e-08,0.19999999999289225,0.19999999999246573
2023-06-27,0.0417877325653321,4.912739639707392e-09,0.15821215717079262,4.009104927250802e-10,0.19999999209329472,1.1313059922576353e-07,0.1999999996980937,7.389634290679875e-10,0.1999999996465464,0.19999999964272766
2023-07-31,0.14456018773764137,1.938726920126462e-09,0.0004028046269108204,1.263702426614281e-10,0.19999999994153728,0.055037005399426554,0.19999999995089884,4.2231053664224305e-10,0.19999999994597897,0.1999999999101983
2023-08-31,0.15464797767367125,0.07929903349132938,8.225504757549236e-09,1.9188933550466582e-10,0.16605297333635072,8.887531470061276e-09,0.19999999979570532,8.778484924441905e-10,0.19999999945846916,0.19999999806170002
2023-09-29,0.19975580244159555,4.7052969151480784e-09,3.8590802516179576e-10,1.7189382420918922e-10,0.0796371303208846,0.12060706389413361,0.19999999977649252,2.954847455399331e-10,0.1999999993365407,0.19999999867176957
2023-10-31,0.08014864286822822,0.14448083945999232,3.604691961868328e-11,1.5651016182277142e-11,0.19999999902663582,0.07999194513182926,0.1999999999339798,9.334686978342241e-12,0.0953785746052706,0.19999999891303155
2023-11-30,0.09742996786424285,0.19999999911769917,6.450756184365221e-11,2.0418084581133525e-10,0.18306918292040866,0.12399241420324676,0.19999999957382925,1.5200690587801677e-10,0.19550843545470362,4.4517441534845464e-10
2023-12-29,0.1999999866389929,0.19999999956546316,1.8142799137619295e-10,3.0676216394857373e-10,0.16100573734168855,0.19999999224265488,0.1999999996122104,3.0613108759678483e-10,0.03899428303742932,7.672394443572899e-10
2024-01-31,0.19999999934388843,0.1999999999222246,8.949636751488338e-11,7.00649217240349e-11,0.15602998584847355,0.19999999980189817,0.19999999994692721,6.420370621485902e-11,0.04397001472409164,1.8873143389658148e-10
2024-02-29,0.19999999860982984,0.19999999989267184,1.1949273605449489e-10,4.807440771741278e-11,0.05829205614494051,0.19999999963685414,0.19999999988783645,6.180480680780372e-11,0.1417079454392433,1.5925195434669393e-10
2024-03-29,0.19999999978564284,0.19999999783123806,2.1173427035410158e-11,7.611980693485196e-12,8.114776414903057e-09,0.19999999443007482,0.1999999999037172,1.5851131348939946e-11,0.19999999987809203,1.1822033831396255e-11
2024-04-30,0.19999999983599223,0.18634756997077212,1.4328549998448485e-10,4.7982273484946634e-11,0.013652437812346896,0.19999999950185865,0.19999999732933785,6.615371065528038e-11,0.19999999523287534,5.939549022734652e-11
2024-05-31,0.1999999999383854,0.1999999999083693,8.392764262735222e-11,1.6382150349663066e-10,0.15392811278666133,0.19999999991816517,0.19999999973908372,1.298769134776887e-10,0.04607188692599439,4.05714501962401e-10
2024-06-28,0.19999999999399024,0.1999999999978824,3.3560442519583953e-10,1.9010987664513986e-09,0.0874203081710547,0.19999999998556736,0.19999999988609457,1.175766292202072e-10,0.05879186449226558,0.053787825118865144
2024-07-31,0.19999999971588342,0.19999999971176347,1.7813582032746525e-07,0.19999981874806574,8.554247997049608e-10,0.1999999997505308,0.19999999952363992,4.5698246688526955e-10,2.179944800317845e-09,9.219444953979467e-10
2024-08-29,0.19999999998664614,0.19999999997753307,0.15095806419411617,9.77138947204778e-11,6.391533949705967e-08,0.19999999998699103,0.1999999999755243,3.8239401178327653e-11,0.04904187178857989,3.931663516345062e-11
2024-09-30,0.19999999989674577,0.19999999989051487,0.1999999998949328,0.007943363146651764,8.58036470634291e-09,0.19999999986340555,0.10430221689892533,1.9495575613869205e-10,0.08775441144589909,1.8760440847575915e-10
2024-10-31,0.19999999997885198,0.1999999999753375,0.19999999997137755,0.11259408728333772,0.003450293748180321,0.19999999996645226,4.4870906435385637e-07,4.2613754205518675e-11,0.08395517028855416,3.623044181731104e-11
2024-11-29,0.19999999871082919,0.19999999655686188,0.19999999853118158,0.11619084284699699,4.033256920083331e-08,0.19999999857236125,0.08380911959259481,1.3490173229880142e-09,2.7041818672730286e-09,8.03405772691888e-10
2024-12-31,0.19999999846375047,0.19999999993510328,0.19999999996829976,1.3808249962550336e-10,1.4664684901799276e-09,0.1999999999554396,0.1999999998996558,4.897362136346108e-11,9.550643107264406e-11,2.8720063298155487e-11
2025-01-31,0.1999999992679646,0.19999999791521858,0.19999999786172637,3.797312231956259e-10,1.0162343802687485e-09,0.19999999942911756,0.1999999977632338,5.350044846106665e-10,5.652367780275249e-09,1.7940117182272188e-10
2025-02-28,0.19999999995647313,0.19999999975742142,0.19999999827313902,1.2715746444959984e-10,8.615029734832991e-11,0.19999999990478962,0.19999999926384449,7.275520112373184e-11,2.5196755341574675e-09,3.859375169161237e-11
2025-03-28,0.14668654992175212,0.19999999783543462,0.1999999998610243,5.945412656897957e-11,3.16444766791951e-11,0.19999999997206033,0.1999999654292705,9.52688854091266e-12,0.053313486868049376,1.1783431639764033e-11
2025-04-30,4.767975437608981e-10,0.19999999802050483,0.19999999763966106,0.1999999605446443,3.5259477486483595e-09,0.19999999886850314,0.19999999781787361,2.2844474539168283e-09,3.970807470829731e-08,1.113545453374109e-09
2025-05-30,5.226410002718685e-10,0.19999998481659695,0.19999999895640025,0.19432300191997554,1.6106881543801862e-09,0.199999997244291,0.19999999692290968,9.409166230249045e-10,0.005677016858387314,2.0719340946590794e-10
2025-06-30,0.11977110687230494,7.049500170950982e-08,0.19999999997127518,0.19999999981562977,3.7300833068732976e-11,0.19999999997358753,0.19999999887737893,1.4650974104283583e-11,0.08022882392935303,1.351705298173931e-11
2025-07-31,0.1367623889818734,1.618783140690102e-09,0.199999999918811,0.13192473576233577,0.1313251098319704,0.19999999992938639,0.12958723566144767,5.0214492763645544e-11,0.07040052693862066,1.306557061465267e-09
2025-08-29,0.030522749889632855,1.5401363600221643e-10,0.19999999995244136,0.19999999997798007,0.19999999997405138,0.1999999999922251,2.397159203711931e-10,5.380456359372104e-11,0.06969290719878372,0.09978434256735128
2025-09-30,1.3281566359848043e-09,0.1288403680209483,0.19999999810430333,0.14930073535409907,0.1035761236532639,0.14351666108732425,2.111874164818977e-09,1.3432902524399436e-09,0.07476611231351321,0.19999999668322696
2025-10-31,0.13257645711716484,0.07774969157245727,0.19999999998026258,0.18605478844917353,2.7023277208745923e-10,0.1999999999475863,0.0036190617435178435,1.7026394929408544e-11,9.09637317730792e-10,0.199999999992941
2025-11-28,0.044227793202208335,0.19999999880306554,0.19999999973967145,4.693672728048728e-09,0.004641037007107534,0.1999999998064899,0.15113116604324367,5.561032155512442e-10,5.156381511739991e-10,0.1999999996327994
2025-12-31,0.11041819306520503,0.09386878597552867,0.19999999985366548,6.858589292040391e-10,0.1957130000196764,0.1999999995092766,2.044483259690104e-08,1.8070403189270106e-10,3.0040314630215653e-10,0.19999999996484916
2026-01-30,0.19999999963903842,0.11798549281168318,0.19999999987705455,0.0566195045178959,0.19999999979957125,0.025394982864835526,2.4859005089945813e-09,1.7517110079137285e-08,5.926563622931985e-10,0.1999999998942544
