,returns
2017-07-03,0.0021007009570934267
2017-07-04,0.00767002074303026
2017-07-05,-0.006316691199255775
2017-07-06,-0.0006549322259579271
2017-07-07,-0.004652514383732299
2017-07-10,0.012438662094712784
2017-07-11,0.014443691394007443
2017-07-12,0.00828238287333265
2017-07-13,0.003988099485979879
2017-07-14,0.012760377995396355
2017-07-17,0.01041100741291523
2017-07-18,-0.005089460685553026
2017-07-19,0.012279928981472043
2017-07-20,-0.0044291505894045406
2017-07-21,0.00810598183936384
2017-07-24,-0.0006639956160852778
2017-07-25,0.00025634033039484395
2017-07-26,0.0015447123019390334
2017-07-27,0.012395440335156138
2017-07-28,-0.006722864320290801
2017-07-31,-0.003768397913477095
2017-08-01,-0.007086452506653662
2017-08-02,0.004260161108993355
2017-08-03,-0.0010739849282631277
2017-08-04,0.015667705446840388
2017-08-07,0.012792008378399666
2017-08-08,-0.0035283485432133334
2017-08-09,-0.014295740553258319
2017-08-10,-0.012291976460997757
2017-08-11,0.002041968549465623
2017-08-14,0.01980921883810848
2017-08-15,-0.01882545314746984
2017-08-16,-0.0007245612685809035
2017-08-17,-0.000997493132346461
2017-08-18,0.011499632249461602
2017-08-21,0.01611621463744256
2017-08-22,-0.0038708509577460417
2017-08-23,0.0008633668268559935
2017-08-24,-0.0016876569855014624
2017-08-25,0.006489829262857327
2017-08-28,0.0031545449427973996
2017-08-29,-0.00159486341435634
2017-08-31,-0.001988871160695993
2017-09-05,-0.007872621930383338
2017-09-06,0.0033586194621310628
2017-09-07,0.006800148741755985
2017-09-08,-0.011512171360108604
2017-09-11,0.006408253445380929
2017-09-12,-0.0035309375245941906
2017-09-13,-0.011861299655117242
2017-09-14,-0.001778184769950164
2017-09-15,-0.0012936747942048467
2017-09-18,-0.011861638469762837
2017-09-19,-0.014653636334517762
2017-09-20,0.00357255247695667
2017-09-21,-0.009428548292707862
2017-09-22,0.0015092688630869988
2017-09-25,-0.01947216283715532
2017-09-26,0.011881530875945035
2017-09-27,-0.030659109946167787
2017-09-28,0.014878730710459287
2017-09-29,0.0036177725687059127
2017-10-02,0.013149636656002772
2017-10-03,0.0028703744683895808
2017-10-04,0.0036040649526685622
2017-10-05,-0.0063060627394464835
2017-10-06,-0.001911191354031516
2017-10-09,-0.031111714325086547
2017-10-10,0.02000510773426563
2017-10-11,0.00494097414256477
2017-10-12,0.018025274072969933
2017-10-13,0.005917587438103189
2017-10-16,0.0039579371605565124
2017-10-17,0.00451653385123848
2017-10-18,0.004331412953450464
2017-10-19,0.00956643665777528
2017-10-20,0.000713160557379833
2017-10-23,-0.0084386896113288
2017-10-24,0.002555980026454341
2017-10-25,0.017611389255482283
2017-10-26,-0.012680815560331182
2017-10-27,0.007727833073892909
2017-10-30,0.00394620986976223
2017-10-31,0.015779583497020012
2017-11-01,0.02394815829041421
2017-11-02,0.004144550713339623
2017-11-03,-0.009285277315119756
2017-11-06,0.025011515667115947
2017-11-07,-0.011545411415982476
2017-11-08,0.005928492333209724
2017-11-09,0.002491364106824911
2017-11-10,-0.013650386144475947
2017-11-13,-0.0010653121281582242
2017-11-14,0.007972142108155934
2017-11-15,-0.020893474835719898
2017-11-16,-0.006022758550675889
2017-11-17,-0.0062976010189459645
2017-11-20,-0.01591390207434884
2017-11-21,0.014041256582445906
2017-11-22,-0.003863628443369795
2017-11-23,-0.008656960119498115
2017-11-24,-0.0016924099006472631
2017-11-27,0.00012857014263870656
2017-11-28,-0.026067483069947106
2017-11-29,0.002317314480920196
2017-11-30,0.014544677268019869
2017-12-01,-0.003943761711008942
2017-12-04,0.01638026880369501
2017-12-05,0.002259496166386432
2017-12-06,-0.003470107425733394
2017-12-07,0.02107328540967023
2017-12-08,0.016960731011970577
2017-12-11,0.009805851066508508
2017-12-12,0.0038013773231019734
2017-12-13,-0.010279141545795734
2017-12-14,0.019080673267348126
2017-12-15,-0.006116544903814969
2017-12-18,0.014103083392385862
2017-12-19,-0.009013042626958413
2017-12-20,0.004287812206740716
2017-12-21,0.010316545127665699
2017-12-22,-0.0018382177380606214
2017-12-25,0.009815930569540266
2017-12-26,0.0013917295325358234
2017-12-27,0.0031006018788738324
2017-12-28,0.020584164668544527
2017-12-29,0.007019689235743787
2018-01-02,0.0215090469545125
2018-01-03,-0.01716240301548229
2018-01-04,-0.010848602601074044
2018-01-05,0.00770820625560289
2018-01-08,-0.0014867656460137767
2018-01-09,-0.01019348511986573
2018-01-10,-0.012491411689006518
2018-01-11,0.0040975449614744424
2018-01-12,3.968535488929647e-05
2018-01-15,-0.02047396347319033
2018-01-16,0.02518332044879046
2018-01-17,0.018306098979423317
2018-01-18,-0.00044398246501173863
2018-01-19,-0.016049539832607807
2018-01-22,0.01563910074103052
2018-01-23,0.007451648799013489
2018-01-24,0.008001012392831831
2018-01-25,-0.004215396610439593
2018-01-26,0.017431993282946943
2018-01-29,-0.002220461444117283
2018-01-30,-0.012473925446806212
2018-01-31,0.0024517660400535826
2018-02-01,-0.0012072147428477842
2018-02-02,-0.007615497194763211
2018-02-05,-0.0044430111589617415
2018-02-06,-0.015087188468751745
2018-02-07,-0.0013970004250416059
2018-02-08,-0.015826465440182316
2018-02-09,-0.0014422352627680322
2018-02-12,0.01086799411890247
2018-02-13,-0.0042618700575533085
2018-02-14,-0.011549709112955976
2018-02-15,0.025797701408654783
2018-02-16,0.0022255470998147732
2018-02-19,-0.00422297277394399
2018-02-20,-0.012768072021835865
2018-02-21,0.021784387367720502
2018-02-22,0.005854835995167474
2018-02-23,0.008979126976520013
2018-02-26,0.014116176857375207
2018-02-27,0.00011249990609838421
2018-02-28,0.0018141731293471524
2018-03-01,-0.014702766397130872
2018-03-02,-0.009462686228375495
2018-03-05,0.008071504856437218
2018-03-06,-0.009334873609515838
2018-03-07,0.002616168356317373
2018-03-08,-0.0016454484636420409
2018-03-09,0.003618741815076687
2018-03-12,0.013838663046222555
2018-03-13,0.0015521533019496438
2018-03-14,-0.004480940279071588
2018-03-15,-0.009108171238100895
2018-03-16,0.0017932837768322777
2018-03-19,-0.01708262735925319
2018-03-20,0.008789877966639815
2018-03-21,0.011114018514419368
2018-03-22,-0.005443877264747932
2018-03-23,-0.01244158866952616
2018-03-26,0.0025707706459095598
2018-03-27,0.0035591516649873703
2018-03-28,-0.020843161283457368
2018-03-29,0.015416192648402893
2018-03-30,0.00407727179308175
2018-04-02,-0.00443031836160519
2018-04-03,0.0010842795775366841
2018-04-04,0.0019451830686620043
2018-04-05,0.011552707883464764
2018-04-06,-0.0034151350515028043
2018-04-09,-0.011557363592851155
2018-04-10,-0.018978915817442977
2018-04-11,-0.00852017360668973
2018-04-12,0.0028618997337130133
2018-04-13,-0.0032355246159956
2018-04-16,0.007698495302154141
2018-04-17,-0.02136351577054011
2018-04-18,0.030157258931581044
2018-04-19,0.004501886112801079
2018-04-20,-0.005956517946035156
2018-04-24,-0.0065747066113720385
2018-04-25,-0.02535043361454008
2018-04-26,-0.008131933460417419
2018-04-27,0.0052123483351569685
2018-04-30,-0.028259216527310796
2018-05-02,0.015676036684100024
2018-05-03,-0.013015922555196614
2018-05-04,-0.0008856530956126383
2018-05-07,-0.013706093370531401
2018-05-08,-0.009613562975521007
2018-05-09,0.010317622291255268
2018-05-10,0.012897448456885997
2018-05-11,-0.013500069850471842
2018-05-14,0.015858612217995283
2018-05-15,-0.017713782149348514
2018-05-16,0.008577571689521812
2018-05-17,-0.00548734928202932
2018-05-18,0.005911134029001374
2018-05-21,-0.004369287714839243
2018-05-22,0.012687302255660605
2018-05-23,-0.014635950271116303
2018-05-24,-0.008871514433592943
2018-05-25,0.0211347496155317
2018-05-28,0.0391301592402483
2018-05-29,-0.004031187924439128
2018-05-30,-0.006708707298560457
2018-05-31,-0.029958805975572697
2018-06-01,-0.009592056176303699
2018-06-04,-0.0028893627153317673
2018-06-05,-0.017079898320366674
2018-06-06,-0.013872230301545498
2018-06-07,0.01872300103115986
2018-06-08,-0.024213149056712534
2018-06-11,0.01632296606669107
2018-06-12,-0.02117716762534784
2018-06-13,-0.022657176091474086
2018-06-14,0.012470973464844548
2018-06-18,-0.014236699607605898
2018-06-19,0.015016217857366697
2018-06-20,0.002524814243692209
2018-06-21,0.008401937759621492
2018-06-22,0.016745312513506284
2018-06-25,-0.035330936386979296
2018-06-26,0.009770186543694083
2018-06-27,0.021070896015295406
2018-06-28,-0.000335399060537134
2018-06-29,0.0020134934028563697
2018-07-02,-0.0037852691600061775
2018-07-03,-0.005914074416328153
2018-07-04,0.007015741784257868
2018-07-05,0.01785513717545009
2018-07-06,-0.004515313049534575
2018-07-09,0.0021457770267870433
2018-07-10,-0.029303448114275966
2018-07-11,-0.037904092448171146
2018-07-12,-0.017420872964190683
2018-07-13,0.005363599697655609
2018-07-16,-0.0008616110267383517
2018-07-17,0.0259700468567182
2018-07-18,0.003373726133934219
2018-07-19,0.01719651357501375
2018-07-20,0.004092480096285689
2018-07-23,0.016490164795654027
2018-07-24,-0.03301374325188261
2018-07-25,0.02894516019508944
2018-07-26,-0.010132976916532477
2018-07-27,0.011121414065714775
2018-07-30,0.008449568646158302
2018-07-31,0.006744985009383142
2018-08-01,-0.004449556839270186
2018-08-02,-0.017479695477324197
2018-08-03,0.010357073948640948
2018-08-06,-0.016902598994373286
2018-08-07,0.01749955048811296
2018-08-08,0.012615088290946453
2018-08-09,-1.528741732502708e-05
2018-08-10,-0.02959485562609945
2018-08-13,-0.04116837653712131
2018-08-14,0.022468424410806737
2018-08-15,-0.02230421935574909
2018-08-16,-0.04493079335160214
2018-08-17,0.01641763958389334
2018-08-20,0.013936349655858826
2018-08-27,0.01199276799603266
2018-08-28,0.03481856175144689
2018-08-29,0.0035597690088217337
2018-08-31,0.01191906450242981
2018-09-03,0.011211509072171368
2018-09-04,-0.012000946738474183
2018-09-05,-0.0014839893762021994
2018-09-06,-0.0035546290904154842
2018-09-07,0.002209836626289252
2018-09-10,-0.020185411492655472
2018-09-11,0.006057811977963702
2018-09-12,-0.00031434681745664574
2018-09-13,0.03245052922575562
2018-09-14,-0.0036671421872761854
2018-09-17,-0.008826288186939524
2018-09-18,0.004815878052647294
2018-09-19,0.029335327702933282
2018-09-20,-0.012844004523617726
2018-09-21,0.015306300845451037
2018-09-24,0.023368692249785494
2018-09-25,-0.0020322818102477044
2018-09-26,0.00552329403815911
2018-09-27,0.013153825978501423
2018-09-28,-0.006701146876485964
2018-10-01,-0.0160600946189402
2018-10-02,-0.004617559434661467
2018-10-03,-0.016258351585490216
2018-10-04,-0.029527068184658757
2018-10-05,0.01032104732574235
2018-10-08,0.021045538450746738
2018-10-09,0.006309737815393968
2018-10-10,-0.02774965350464107
2018-10-11,0.002355496118643829
2018-10-12,0.020662228402488582
2018-10-15,0.019313570634743805
2018-10-16,0.0004509723756356723
2018-10-17,0.005473195161458656
2018-10-18,-0.019114475339502578
2018-10-19,-0.00769280274200227
2018-10-22,-0.015744037369814133
2018-10-23,-0.015207569388124419
2018-10-24,-0.0021119360606038484
2018-10-25,-0.0025727484219810206
2018-10-26,-0.044769097374464634
2018-10-30,-0.0008542346393471513
2018-10-31,0.0003575780185474443
2018-11-01,0.036544978151730745
2018-11-02,0.019158117814192202
2018-11-05,0.012922857271947197
2018-11-06,-0.021829338385562162
2018-11-07,0.016523703768702193
2018-11-08,-0.018877324748602556
2018-11-09,-0.013394046380967896
2018-11-12,-0.015073104662245231
2018-11-13,0.012174010471789978
2018-11-14,0.0016502601860012174
2018-11-15,-0.0007351768011200411
2018-11-16,0.0007558375042470256
2018-11-19,0.006114581565047394
2018-11-20,-0.03155493440816455
2018-11-21,0.009755133170892105
2018-11-22,0.006953049600259931
2018-11-23,0.0086407061101622
2018-11-26,0.007488109038270829
2018-11-27,-0.006234418874781632
2018-11-28,0.006817045998724581
2018-11-29,0.005843698836562672
2018-11-30,0.007056708482406327
2018-12-03,-0.009766974629801283
2018-12-04,-0.009476042049293476
2018-12-05,0.0016946007577125608
2018-12-06,-0.01308250436049472
2018-12-07,0.003638764749027678
2018-12-10,-0.014871922184801878
2018-12-11,-0.0007164678602231134
2018-12-12,-0.022667974138763057
2018-12-13,0.014612194451350823
2018-12-14,-0.017311744035475165
2018-12-17,-0.0023257040375957213
2018-12-18,0.018677092803056197
2018-12-19,0.019719700069098844
2018-12-20,-0.004334526305562891
2018-12-21,0.0027044318569929052
2018-12-24,-0.007331038541242097
2018-12-25,-0.0101178692796699
2018-12-26,0.0033926626691212387
2018-12-27,0.00211356550404751
2018-12-28,-0.0006326633790325383
2018-12-31,0.010385145294618581
2019-01-02,-0.0340590106059349
2019-01-03,-0.023345215661411445
2019-01-04,0.021414593960358896
2019-01-07,0.01358525948413767
2019-01-08,0.005082569265905713
2019-01-09,0.0019264137898014622
2019-01-10,0.006022752698187229
2019-01-11,0.006999531624419865
2019-01-14,0.00683907720667265
2019-01-15,0.0029923156945943392
2019-01-16,0.01670275878206271
2019-01-17,0.01079468206543539
2019-01-18,0.017298302635625304
2019-01-21,-0.004243483153319516
2019-01-22,0.010522805707273243
2019-01-23,-0.0010276200171355334
2019-01-24,0.01781602905578019
2019-01-25,0.010054391498187954
2019-01-28,8.53893208955566e-05
2019-01-29,0.023813568682164533
2019-01-30,0.010150726022008751
2019-01-31,0.007701213454039458
2019-02-01,-0.016955033542698974
2019-02-04,-0.014251562744762537
2019-02-05,0.0030119197862129026
2019-02-06,-0.00357275741519617
2019-02-07,-0.0014346138117393272
2019-02-08,-0.008530113812533813
2019-02-11,0.018796444019164103
2019-02-12,-0.01566173949274664
2019-02-13,-0.022954353849092335
2019-02-14,0.004785803253154131
2019-02-15,0.0007266099439591778
2019-02-18,-0.005676008773406084
2019-02-19,0.004429849270766429
2019-02-20,0.0006667620192918333
2019-02-21,0.006407740229411264
2019-02-22,0.008762605113171907
2019-02-25,0.0218406850248938
2019-02-26,0.007829263045954892
2019-02-27,-0.00657943726149266
2019-02-28,-0.0009020833684264429
2019-03-01,-0.017118866813859504
2019-03-04,0.0053479520545369535
2019-03-05,-0.005238785739679774
2019-03-06,0.00789827230327612
2019-03-07,-0.012654186857490857
2019-03-08,-0.01645239201774605
2019-03-11,-0.009595192316492219
2019-03-12,0.013137031616079486
2019-03-13,-0.0019402504618247773
2019-03-14,0.0024553481779748033
2019-03-15,0.015226971476411787
2019-03-18,0.01856088180239346
2019-03-19,0.008670411561685566
2019-03-20,-0.021280773724584645
2019-03-21,-0.016623797592267443
2019-03-22,-0.022825486422871192
2019-03-25,-0.002396567409193884
2019-03-26,-0.015092253483020134
2019-03-27,-0.07230208146267539
2019-03-28,0.03297222107745408
2019-03-29,0.015299756018715385
2019-04-01,-0.006697547356210232
2019-04-02,0.011512586448699402
2019-04-03,0.0005800041491535567
2019-04-04,0.03525274497963571
2019-04-05,0.023202967196804737
2019-04-08,-0.016169452348985747
2019-04-09,0.008414211802000516
2019-04-10,-0.0036819116688170065
2019-04-11,0.0020251379548901992
2019-04-12,-0.014881897793508639
2019-04-15,-0.010469467843843871
2019-04-16,0.01176281497202356
2019-04-17,0.01222381010864154
2019-04-18,-0.008964848719880448
2019-04-19,-0.001133171107579567
2019-04-22,-0.005917240884325303
2019-04-24,0.0031741699787655505
2019-04-25,-0.028226975142005187
2019-04-26,0.008884160700188772
2019-04-29,0.01079989803070529
2019-04-30,0.013857985912465998
2019-05-02,-0.013974345248350296
2019-05-03,0.005627219054083522
2019-05-06,-0.012952591691345206
2019-05-07,-0.01761350878150393
2019-05-08,-0.007839510855877562
2019-05-09,-0.02078937220018008
2019-05-10,-0.006534359906041454
2019-05-13,-0.035903014529454616
2019-05-14,0.01869044330237452
2019-05-15,-0.0069223388337897995
2019-05-16,-0.00739422759291607
2019-05-17,-0.010149872554059093
2019-05-20,0.0031148615317165285
2019-05-21,-0.01873895482372444
2019-05-22,-0.027925722532375567
2019-05-23,0.008370951734994126
2019-05-24,0.02031781442855615
2019-05-27,-0.00249751607295624
2019-05-28,0.02041461043863325
2019-05-29,-0.0030426741158106844
2019-05-30,0.030712797279483305
2019-05-31,0.011106613972828984
2019-06-03,-0.0037736159781631474
2019-06-07,0.038896093292830905
2019-06-10,0.008732300209146138
2019-06-11,-0.0069512767165269
2019-06-12,-0.003193565070443471
2019-06-13,-0.0266857452582158
2019-06-14,0.0024908399142149263
2019-06-17,0.018304057654089045
2019-06-18,0.017984577428623184
2019-06-19,0.00806334946243943
2019-06-20,-0.001405586573682882
2019-06-21,-0.0030861096222257528
2019-06-24,0.010641397024789612
2019-06-25,0.00514901230158511
2019-06-26,-0.006666903740278396
2019-06-27,0.010358242799512363
2019-06-28,0.008875993816284612
2019-07-01,0.0324989681701408
2019-07-02,0.00532941438179403
2019-07-03,-0.0028666267019771046
2019-07-04,0.0030338633751913037
2019-07-05,-0.005846322263861493
2019-07-08,-0.003532937308640415
2019-07-09,-0.025419571848917077
2019-07-10,0.008317023898428987
2019-07-11,0.0042172629974977505
2019-07-12,-0.02792658181128599
2019-07-16,0.01484757601294131
2019-07-17,0.02402203632625382
2019-07-18,0.01801951246749083
2019-07-19,0.0067332412939074444
2019-07-22,-0.0022152457976855056
2019-07-23,0.011831016601099722
2019-07-24,0.007170415329417269
2019-07-25,-0.013091611330857022
2019-07-26,0.01049868084535529
2019-07-29,0.0016752263113544723
2019-07-30,-0.007496071186011333
2019-07-31,-0.006989094277347952
2019-08-01,-0.004260366558106122
2019-08-02,-0.016373380874887825
2019-08-05,-0.008775051068491625
2019-08-06,0.005858160816175817
2019-08-07,-0.01604718705945356
2019-08-08,0.008961364756955182
2019-08-09,0.004470531869161276
2019-08-15,-0.020149904959742705
2019-08-16,-0.00650439790019921
2019-08-19,-0.012205737271658879
2019-08-20,0.002952356767869791
2019-08-21,-0.01345004393424484
2019-08-22,-0.003821091366127505
2019-08-23,0.024634041731821543
2019-08-26,-0.001601263333343572
2019-08-27,-0.0055655704189572
2019-08-28,-0.005196925886803605
2019-08-29,0.003952630673478597
2019-09-02,0.01756250321343723
2019-09-03,0.007017912584770547
2019-09-04,0.01308210024933738
2019-09-05,0.013899351573607801
2019-09-06,-0.012102758754366285
2019-09-09,0.01861224157485225
2019-09-10,0.0059613226909017054
2019-09-11,0.009319404298747537
2019-09-12,-0.000830665033009415
2019-09-13,0.00638072618561666
2019-09-16,-0.005968609083974341
2019-09-17,-0.00764278857128552
2019-09-18,0.006690345379082863
2019-09-19,-0.01614996325539
2019-09-20,-0.003978267417931348
2019-09-23,-0.003729429485897895
2019-09-24,0.021814660322009027
2019-09-25,0.007293516587444149
2019-09-26,-0.003451870112352007
2019-09-27,0.029332733861926787
2019-09-30,0.0025671649600298545
2019-10-01,-0.013684913040495019
2019-10-02,0.0035224479413510255
2019-10-03,-0.008130525810838597
2019-10-04,0.007059165517914368
2019-10-07,-0.002206777577497576
2019-10-08,-0.007365139725924818
2019-10-09,-0.021273261399748958
2019-10-10,-0.00864272847649733
2019-10-11,0.004439683023610275
2019-10-14,-0.049924241987068005
2019-10-15,0.019144249738096156
2019-10-16,-0.016536236800741
2019-10-17,0.014401741350717635
2019-10-18,0.03445865640391646
2019-10-21,-0.0053567008391037785
2019-10-22,-0.0009395895197539361
2019-10-23,0.019305260392908686
2019-10-24,0.008579442902900093
2019-10-25,-0.0015259546035386261
2019-10-28,-0.007173456998457084
2019-10-30,-0.0093785722686758
2019-10-31,0.0020373970517030496
2019-11-01,-0.00020823184211417062
2019-11-04,0.027101589260772618
2019-11-05,0.006518277631780601
2019-11-06,0.005760998497824188
2019-11-07,0.028076982600019094
2019-11-08,-0.011003008060148124
2019-11-11,-0.0047845208710408545
2019-11-12,0.006579160091202574
2019-11-13,0.017826051747667094
2019-11-14,-0.013161198727419577
2019-11-15,0.0201547467532174
2019-11-18,0.02560990306351656
2019-11-19,0.0077500544079348605
2019-11-20,-0.010048509734638477
2019-11-21,0.003246213673418985
2019-11-22,-0.00857517958785068
2019-11-25,-0.006943721207236597
2019-11-26,0.010567201111581392
2019-11-27,-0.00671742384405255
2019-11-28,0.010634043891574452
2019-11-29,-0.0003438151134108169
2019-12-02,0.011443631601772308
2019-12-03,-0.011026003760770831
2019-12-04,0.005407773156372076
2019-12-05,0.014992700135135296
2019-12-06,-0.004997143405260208
2019-12-09,0.003016051485252669
2019-12-10,-0.0037429020674077723
2019-12-11,-0.005675922791662803
2019-12-12,0.025169664748112067
2019-12-13,0.006275178504614331
2019-12-16,0.009237441175184925
2019-12-17,-0.001510967186471035
2019-12-18,-0.005255103106854854
2019-12-19,0.0015875033796619589
2019-12-20,0.0033114305346736983
2019-12-23,0.003336127265988753
2019-12-24,0.009143442629454667
2019-12-25,0.002882105990198958
2019-12-26,0.0024215718385563914
2019-12-27,-0.0018753517478845793
2019-12-30,0.00845564224382236
2019-12-31,0.002295101487401008
2020-01-02,0.004936943920130088
2020-01-03,-0.019948690901236934
2020-01-06,-0.020417232736858516
2020-01-07,0.010347912844106534
2020-01-08,0.006555206621762766
2020-01-09,0.0430224758919898
2020-01-10,0.0022640171212293453
2020-01-13,0.01898048233917904
2020-01-14,0.008926417361762109
2020-01-15,0.004341206973423794
2020-01-16,0.0017609672574943505
2020-01-17,0.005860629148129293
2020-01-20,0.01033079287477453
2020-01-21,0.007069460766424352
2020-01-22,-0.01567313961529383
2020-01-23,-0.008392064407946398
2020-01-24,-0.006476131679627474
2020-01-27,-0.016470506333641388
2020-01-28,0.0008150372403580297
2020-01-29,0.000520310947751523
2020-01-30,-0.005416074896310941
2020-01-31,0.007484897111640056
2020-02-03,-0.004625015282252388
2020-02-04,0.026983478880752636
2020-02-05,0.00125957917765962
2020-02-06,0.00013270513305112534
2020-02-07,-0.014703904214536436
2020-02-10,-0.01937237936717027
2020-02-11,0.012692464535021044
2020-02-12,0.003266400162351746
2020-02-13,0.006658333527214056
2020-02-14,-0.004391845897839353
2020-02-17,0.0033315542518187135
2020-02-18,-0.014119689186870421
2020-02-19,-0.0018954160640418769
2020-02-20,-0.026079338218540627
2020-02-21,0.0055088534589134985
2020-02-24,-0.021336856931725434
2020-02-25,-0.0019317603664475223
2020-02-26,0.009611362117134216
2020-02-27,-0.03815824842710537
2020-02-28,-0.03732045709498149
2020-03-02,0.015265149340495667
2020-03-03,0.022872838952776742
2020-03-04,0.0032724446143563967
2020-03-05,0.010513256940503946
2020-03-06,-0.015633304147406893
2020-03-09,-0.056701364295555556
2020-03-10,-0.019810691140158643
2020-03-11,-0.00174457771292037
2020-03-12,-0.07836108228891323
2020-03-13,0.01645084664756441
2020-03-16,-0.08283985974727305
2020-03-17,-0.020248170147588528
2020-03-18,-0.008050318497747722
2020-03-19,-0.005371287959401339
2020-03-20,0.007958106524706944
2020-03-23,-0.00675506992933449
2020-03-24,0.06756162054600019
2020-03-25,-0.004360674158375611
2020-03-26,0.02345305875249175
2020-03-27,-0.028262097398172203
2020-03-30,-0.001045768392531888
2020-03-31,0.018146192780565763
2020-04-01,-0.004454479550020408
2020-04-02,0.002246565383004762
2020-04-03,0.009860194938663214
2020-04-06,0.032411306323803846
2020-04-07,0.00649575516615224
2020-04-08,-0.0011146191901558631
2020-04-09,0.023872649261611437
2020-04-10,0.01266763306200457
2020-04-13,0.0029963829766119993
2020-04-14,0.019189582065738245
2020-04-15,-0.006516605298922142
2020-04-16,0.010009498491483238
2020-04-17,0.019902705028542793
2020-04-20,0.015070799804754367
2020-04-21,-0.012444766061294622
2020-04-22,-0.0018003303944161054
2020-04-24,-0.0019304101526409158
2020-04-27,0.02907266758983041
2020-04-28,-0.007750315743189351
2020-04-29,0.011420351862175316
2020-04-30,-0.004191975963777196
2020-05-04,-0.02843616273823866
2020-05-05,-0.006317047459797254
2020-05-06,-0.0016206831891864006
2020-05-07,-0.006549544524256013
2020-05-08,-0.007227160932795285
2020-05-11,0.0034641376632392864
2020-05-12,0.022771741930198597
2020-05-13,0.003733214512596583
2020-05-14,-0.01146174136142072
2020-05-15,0.010348383133471452
2020-05-18,0.02589155674395798
2020-05-20,0.011929987817912924
2020-05-21,0.004350641298625613
2020-05-22,0.002098752150072614
2020-05-27,0.027125548277944233
2020-05-28,0.007088205171072304
2020-05-29,-0.0041910685301851155
2020-06-01,0.026703239324662984
2020-06-02,0.01370778701770308
2020-06-03,0.0066360779801515005
2020-06-04,0.005755713793980811
2020-06-05,0.00465175658154029
2020-06-08,-0.001296939249461726
2020-06-09,0.001306204742085238
2020-06-10,0.00985030672908336
2020-06-11,-0.007171974253852487
2020-06-12,0.01211503967715195
2020-06-15,-0.01017302519437301
2020-06-16,0.00786268905588694
2020-06-17,0.0014078588622907229
2020-06-18,0.0025761392962427416
2020-06-19,0.002308128440685109
2020-06-22,0.025646388334009052
2020-06-23,0.005425038745290234
2020-06-24,-0.008039441774044975
2020-06-25,-0.004001592962375578
2020-06-26,0.005908532836685476
2020-06-29,0.009586919973268637
2020-06-30,0.011881615936828082
2020-07-01,-0.013271988032631632
2020-07-02,0.02106711996677413
2020-07-03,-0.011910554648895523
2020-07-06,0.030672393627060084
2020-07-07,0.009485230990775539
2020-07-08,-0.011233111873708068
2020-07-09,-0.0148514438706019
2020-07-10,-0.005808385859893483
2020-07-13,0.030522739764898367
2020-07-14,-0.0018678512994403154
2020-07-16,0.00673740632125659
2020-07-17,0.000991301893847274
2020-07-20,0.0035773731300176694
2020-07-21,-0.008811224215068381
2020-07-22,0.0034006020199680246
2020-07-23,0.0005129112440309888
2020-07-24,0.00033561298733548735
2020-07-27,-0.0018407972460695145
2020-07-28,-0.029751767231404797
2020-07-29,-0.012500569891759352
2020-07-30,-0.0023848972838036997
2020-08-04,-0.024778513777428946
2020-08-05,-0.0016639691798972294
2020-08-06,-0.05539584719852081
2020-08-07,0.021682872605928893
2020-08-10,0.020220985826363714
2020-08-11,0.051586481136320736
2020-08-12,-0.008889876028175337
2020-08-13,-0.019216214009363134
2020-08-14,-0.016210359435484843
2020-08-17,0.00154963866285458
2020-08-18,0.0051362187301810976
2020-08-19,0.03436200745937812
2020-08-20,-0.005219819133397275
2020-08-21,-0.012090097254495415
2020-08-24,-0.0015035991423897888
2020-08-25,-0.017077293438477116
2020-08-26,0.008603484327594092
2020-08-27,0.005118009621196951
2020-08-28,-0.0058991288100225135
2020-08-31,-0.01962253127429081
2020-09-01,0.002815403468748712
2020-09-02,-0.003564112429346545
2020-09-03,-0.010571122947918832
2020-09-04,0.015309146530971974
2020-09-07,0.016564179796892564
2020-09-08,-0.004533915573037251
2020-09-09,-0.00010295337768034764
2020-09-10,0.0004570409785443653
2020-09-11,0.003803335055187718
2020-09-14,0.008152362938191538
2020-09-15,0.006213687656912083
2020-09-16,-0.005109862396797582
2020-09-17,-0.0015392159693426448
2020-09-18,0.000490846075932394
2020-09-21,-0.018017010678271182
2020-09-22,0.012121565699091242
2020-09-23,0.001474987542071393
2020-09-24,0.017744432673220803
2020-09-25,0.006844316314015464
2020-09-28,0.0034091744541663634
2020-09-29,-0.0075727276827313285
2020-09-30,0.015959509025862365
2020-10-01,-0.003236291085151233
2020-10-02,0.006092618739102673
2020-10-05,0.006693481492237308
2020-10-06,-0.007563558446159202
2020-10-07,-0.010112997891443886
2020-10-08,-0.0030007663251919833
2020-10-09,0.017486752814529674
2020-10-12,0.013486356968593294
2020-10-13,-0.0010169983679539363
2020-10-14,0.007886322916348821
2020-10-15,-0.00035212701115426917
2020-10-16,0.0038484054667848326
2020-10-19,0.008327121023290052
2020-10-20,0.0059248838655444405
2020-10-21,0.00793050015450082
2020-10-22,-0.015713954968649423
2020-10-23,-0.002556910053945028
2020-10-26,-0.03331287332387437
2020-10-27,-0.0016657871515202045
2020-10-28,-0.024056541550667734
2020-10-30,-0.007723913039769338
2020-11-02,0.024886740814371824
2020-11-03,0.015157154043430134
2020-11-04,0.014799236320574295
2020-11-05,0.0015196429083959022
2020-11-06,0.014197181898071964
2020-11-09,0.03527458823752674
2020-11-10,0.018834298671150197
2020-11-11,0.019506290815053
2020-11-12,-0.013230481097578139
2020-11-13,0.010536077942663891
2020-11-16,0.01124063177466671
2020-11-17,-0.01686306542776668
2020-11-18,0.024250164010105137
2020-11-19,0.009191929719951543
2020-11-20,0.01128676727727922
2020-11-23,-0.002466449499149481
2020-11-24,0.012258426359429541
2020-11-25,-0.0010079722716701662
2020-11-26,0.009159176672819437
2020-11-27,-0.005089281006304124
2020-11-30,-0.031268654423270884
2020-12-01,0.030262613836778796
2020-12-02,0.0035587387110650685
2020-12-03,-0.0017935038643660415
2020-12-04,0.0024817267767072273
2020-12-07,-0.002709705403063112
2020-12-08,0.013019627749490304
2020-12-09,0.006647599828365914
2020-12-10,0.0033093765997398773
2020-12-11,0.009667632848051444
2020-12-14,0.01269499061416406
2020-12-15,0.00850065160899406
2020-12-16,-0.006699434217444689
2020-12-17,0.006107341617076913
2020-12-18,0.007063932468235723
2020-12-21,-0.02516329661371739
2020-12-22,0.020661470631895586
2020-12-23,0.008623303577229968
2020-12-24,0.0011258967669266818
2020-12-25,-0.004283534663552135
2020-12-28,0.00427035196048009
2020-12-29,0.017866971753082862
2020-12-30,0.011037093311528745
2020-12-31,0.0023199963664812364
2021-01-04,0.01614312416909871
2021-01-05,-0.0038413596603466098
2021-01-06,0.014556828963684845
2021-01-07,0.011636781847642943
2021-01-08,0.012083344677667897
2021-01-11,0.0027227268900653972
2021-01-12,0.01574751597620755
2021-01-13,0.008203984557617484
2021-01-14,-0.012425374981963421
2021-01-15,-0.012472495297945974
2021-01-18,0.023405283135350508
2021-01-19,0.008179546555841166
2021-01-20,0.0072908743908421175
2021-01-21,-0.011525662437516383
2021-01-22,-0.01966606987826107
2021-01-25,-0.010076986344947015
2021-01-26,0.0031063755662295136
2021-01-27,-0.045245237398134776
2021-01-28,0.019809778452380734
2021-01-29,-0.020698944869234626
2021-02-01,0.019183410536353442
2021-02-02,0.011646314077642828
2021-02-03,0.012408882355018946
2021-02-04,0.0023763332871271302
2021-02-05,-0.01253646932739394
2021-02-08,0.010825123592543718
2021-02-09,0.00470227260691174
2021-02-10,0.004688992017025462
2021-02-11,-0.005752603980452887
2021-02-12,-0.012923038409398969
2021-02-15,0.007191099340551544
2021-02-16,-0.019671170553243647
2021-02-17,0.00688302120928661
2021-02-18,0.004405588671794646
2021-02-19,0.008761909457860585
2021-02-22,0.007224508218731241
2021-02-23,-0.02093461283223707
2021-02-24,-0.02275757674699368
2021-02-25,0.007792349323379945
2021-02-26,-0.019123003172094602
2021-03-01,0.046349041044057834
2021-03-02,0.015678232879228683
2021-03-03,-0.004932232017162264
2021-03-04,-0.0010013735544211148
2021-03-05,0.004404978592800424
2021-03-08,-0.014213828092414928
2021-03-09,0.00934644738854077
2021-03-10,0.003750778854870996
2021-03-11,0.0004716330419200052
2021-03-12,-0.0030797127611400963
2021-03-15,-0.00030859697234511064
2021-03-16,0.018650304487575244
2021-03-17,0.002524394384865181
2021-03-18,-0.012838362115375156
2021-03-19,-0.006107263052798373
2021-03-22,-0.09837039257034955
2021-03-23,-0.003585124873754587
2021-03-24,0.0357726865056341
2021-03-25,-0.025647641192559537
2021-03-26,-0.007790823853315219
2021-03-29,0.011158478427568775
2021-03-30,0.012110998472301683
2021-03-31,-0.007589508876917639
2021-04-01,0.02418895663455496
2021-04-02,0.005398866129787795
2021-04-05,0.008656999133337796
2021-04-06,-0.020797279677608273
2021-04-07,0.005769778626019862
2021-04-08,-0.002629425599418911
2021-04-09,-0.017984335733408886
2021-04-12,-0.006018096849645915
2021-04-13,0.0017850050033348832
2021-04-14,0.018179358012422535
2021-04-15,0.0002467937102320966
2021-04-16,0.005465947328891673
2021-04-19,-0.025541295753897776
2021-04-20,-0.005251539482838874
2021-04-21,-0.021694424071969753
2021-04-22,0.008123131081844436
2021-04-26,0.02476898153868841
2021-04-27,0.010663538969025665
2021-04-28,-0.004789299325536379
2021-04-29,0.00634314422933161
2021-04-30,-0.004623691119123563
2021-05-03,0.015280740768512059
2021-05-04,-0.01081584398503124
2021-05-05,0.0068006631547115285
2021-05-06,0.0034702482452575014
2021-05-07,0.011585674909216682
2021-05-10,0.019534449182364556
2021-05-11,-0.013060695190747908
2021-05-12,-0.0008876554337392764
2021-05-17,0.006086658454904137
2021-05-18,0.011134400164371252
2021-05-20,-0.004917193234597295
2021-05-21,-0.003794111998102945
2021-05-24,-0.002464095843496317
2021-05-25,-0.032548469736914096
2021-05-26,0.019935737601860314
2021-05-27,-0.0054515655469767
2021-05-28,0.010005471573677947
2021-05-31,0.006066962685692712
2021-06-01,0.004005062230994272
2021-06-02,0.0013634324168397382
2021-06-03,0.0032614214919125533
2021-06-04,0.005579113078127029
2021-06-07,0.009815810808152893
2021-06-08,0.00038545063179862293
2021-06-09,0.008959853573895083
2021-06-10,0.010846139911917397
2021-06-11,0.0057542836186957776
2021-06-14,-0.005815976495624054
2021-06-15,-0.006338263055610249
2021-06-16,-0.0013261037087248574
2021-06-17,-0.012858502555451137
2021-06-18,-0.018227590850040644
2021-06-21,0.010666398771732089
2021-06-22,0.011239067506951785
2021-06-23,-0.008570935008326508
2021-06-24,0.0035372199831022024
2021-06-25,-0.015402072367323761
2021-06-28,-0.013723826834456733
2021-06-29,0.0004947843036604998
2021-06-30,-0.007130507193214541
2021-07-01,0.011842602117877767
2021-07-02,0.004953006566354956
2021-07-05,0.009998516226208388
2021-07-06,-0.005744978296247061
2021-07-07,0.008798930659342553
2021-07-08,-0.016446680807202567
2021-07-09,0.004892157354751293
2021-07-12,-0.013161056540808912
2021-07-13,-0.009316899140782433
2021-07-14,0.009827013982336876
2021-07-16,-0.002411999977331258
2021-07-19,-0.012444859193077973
2021-07-26,-0.0005553943404568271
2021-07-27,0.008186545003546986
2021-07-28,0.00201596929139557
2021-07-29,0.023995970845472937
2021-07-30,0.0007500863104303646
2021-08-02,0.005034183688385286
2021-08-03,0.016321970470247627
2021-08-04,0.006450184299543938
2021-08-05,0.011419835968928815
2021-08-06,0.004191692041652572
2021-08-09,0.00022958967488992963
2021-08-10,0.011573138854859676
2021-08-11,-0.013434716387897885
2021-08-12,0.025917867080877025
2021-08-13,0.006607081485446932
2021-08-16,-0.0025845186408092976
2021-08-17,0.0013672765969545368
2021-08-18,-0.011456642331302414
2021-08-19,-0.0037713536463167665
2021-08-20,0.002214992559617745
2021-08-23,0.010745710251746211
2021-08-24,0.0030866074388967712
2021-08-25,-0.006735538659107766
2021-08-26,-0.004130192034031544
2021-08-27,0.005732407864026745
2021-08-31,0.00974548569095194
2021-09-01,-5.168568745447257e-05
2021-09-02,0.0034131908896836375
2021-09-03,-0.00729297111880336
2021-09-06,0.006036643253378571
2021-09-07,-0.01304748707087917
2021-09-08,-0.013338397886993793
2021-09-09,0.01726594838622595
2021-09-10,-0.007574357234848429
2021-09-13,-0.003537382440240345
2021-09-14,0.0015429916657513918
2021-09-15,-0.011077759586143498
2021-09-16,-0.002306975551873025
2021-09-17,0.002802110080512554
2021-09-20,-0.01773867121195463
2021-09-21,-0.005309054450735474
2021-09-22,0.020675665295636247
2021-09-23,-0.0009225474252986582
2021-09-24,-0.014898634006645164
2021-09-27,-0.000689774016597955
2021-09-28,-0.004370839189962538
2021-09-29,0.005781371968956506
2021-09-30,0.013968650608785861
2021-10-01,-0.00414475628699419
2021-10-04,-0.00818358301953397
2021-10-05,-0.005202939761977976
2021-10-06,-0.012540544581231262
2021-10-07,0.018627893898028637
2021-10-08,0.00020849021214653925
2021-10-11,0.017272921492261607
2021-10-12,0.0007386953616951962
2021-10-13,0.01045002604556341
2021-10-14,-0.004590736750889003
2021-10-15,-0.0029225450667820126
2021-10-18,0.005543359775675017
2021-10-19,0.009224944975706884
2021-10-20,0.002267079434876307
2021-10-21,0.020068845522749734
2021-10-22,0.014576223093255625
2021-10-25,0.007573548282682474
2021-10-26,0.010764273451846818
2021-10-27,0.007402814572537941
2021-10-28,0.0020553236035227964
2021-11-01,0.012866241900804896
2021-11-02,-0.002489468400521044
2021-11-03,0.011362196576491746
2021-11-04,0.02091224268186136
2021-11-05,0.004384105667985638
2021-11-08,0.022260136170036207
2021-11-09,0.005666595502321037
2021-11-10,0.006663734984077586
2021-11-11,-0.006645043353438162
2021-11-12,0.011162174674654524
2021-11-15,0.037825156971278584
2021-11-16,-0.005212794694119283
2021-11-17,0.02375695404233892
2021-11-18,0.020285662459933462
2021-11-19,-0.002337862715708561
2021-11-22,0.017231781682699364
2021-11-23,0.021850621898317983
2021-11-24,0.010709483176400103
2021-11-25,0.005175775456630772
2021-11-26,-0.018916906602240303
2021-11-29,0.013976245339780403
2021-11-30,0.001447590149063782
2021-12-01,0.0222221399775566
2021-12-02,0.014890313916958943
2021-12-03,0.0069349740239955885
2021-12-06,0.007737961780510404
2021-12-07,0.03266572453040553
2021-12-08,0.01424594693577892
2021-12-09,0.015411201167892642
2021-12-10,0.0021251956775797825
2021-12-13,0.02705761579886934
2021-12-14,0.033631994238160115
2021-12-15,0.000964117619678662
2021-12-16,0.0576395586943395
2021-12-17,-0.09212549530611301
2021-12-20,-0.023421971222917594
2021-12-21,-0.07651362452292462
2021-12-22,-0.03327377896629369
2021-12-23,-0.007620181654669722
2021-12-24,0.05450495478657968
2021-12-27,0.00036408228474213964
2021-12-28,-0.0279527291404668
2021-12-29,0.022414394913789642
2021-12-30,-0.013417883568345402
2021-12-31,-0.008876426550227036
2022-01-03,0.04773791170963604
2022-01-04,0.02913692185992103
2022-01-05,0.019533375925551044
2022-01-06,0.001098763746131215
2022-01-07,0.01746208251899444
2022-01-10,0.0028149320259761917
2022-01-11,-0.0011770716624739056
2022-01-12,0.007741923945404251
2022-01-13,0.010092843734326206
2022-01-14,-0.0035582574671087497
2022-01-17,0.004520285144943748
2022-01-18,-0.04893978978732727
2022-01-19,0.03569493386909819
2022-01-20,-0.014019977417070095
2022-01-21,-0.0028558245555852183
2022-01-24,-0.05173575565646793
2022-01-25,0.022694526385838444
2022-01-26,0.0003049311390853625
2022-01-27,0.023694146811754392
2022-01-28,-0.0035217795332307847
2022-01-31,0.007876356198524016
2022-02-01,0.0118507239506911
2022-02-02,-0.006401780474700014
2022-02-03,-0.021562385713570387
2022-02-04,-0.01005266094278029
2022-02-07,0.02511825148318856
2022-02-08,0.006813135987245156
2022-02-09,0.02321541321600338
2022-02-10,-0.0072178030561246605
2022-02-11,0.0033323750954016742
2022-02-14,-0.02523881757483306
2022-02-15,0.02251363387652823
2022-02-16,-0.0002744450940533106
2022-02-17,-0.01595059966701403
2022-02-18,0.012600296215102457
2022-02-21,0.004694873272395528
2022-02-22,-0.01906255421190728
2022-02-23,-0.001495377851401792
2022-02-24,-0.08394970648684319
2022-02-25,0.05292509237773295
2022-02-28,-0.010687648803462601
2022-03-01,0.007280405978524876
2022-03-02,0.0053254089294454965
2022-03-03,0.012080858198678279
2022-03-04,-0.016973226475747116
2022-03-07,0.008336440932561341
2022-03-08,0.007024925417774575
2022-03-09,0.016245549812663986
2022-03-10,-0.007599650976916239
2022-03-11,0.007670838222494292
2022-03-14,0.027653934206355625
2022-03-15,0.0059400245837979765
2022-03-16,0.005624040631495098
2022-03-17,0.019930910382856062
2022-03-18,-0.0002780958743391791
2022-03-21,0.014596354668532386
2022-03-22,0.02268159739703788
2022-03-23,-0.00027826514758150223
2022-03-24,-0.006778550918946203
2022-03-25,-0.005455710836058836
2022-03-28,0.003068809938665807
2022-03-29,0.02370371568100127
2022-03-30,0.01288972697016293
2022-03-31,-0.0051452782351943515
2022-04-01,0.013875475529313876
2022-04-04,0.02719565062863468
2022-04-05,0.00810708640791744
2022-04-06,-0.007720763938261654
2022-04-07,0.011735024673005457
2022-04-08,0.013926517011198415
2022-04-11,0.02339447958360249
2022-04-12,0.004160298579144218
2022-04-13,-0.0022671197485028775
2022-04-14,0.017743428029098365
2022-04-15,0.006507543536307736
2022-04-18,0.011839528974044788
2022-04-19,0.0011772515408130623
2022-04-20,0.0032180133739356576
2022-04-21,0.020209072541069496
2022-04-22,-0.03555726008202582
2022-04-25,0.005809294879555926
2022-04-26,-0.02984877374969154
2022-04-27,0.016190740810869953
2022-04-28,-0.008943003971750362
2022-04-29,0.006924278747501867
2022-05-05,0.013184813944347529
2022-05-06,-0.00778919976586986
2022-05-09,0.0003306865837512606
2022-05-10,0.01146797926313764
2022-05-11,-0.01335328108678937
2022-05-12,-0.02264243199174061
2022-05-13,0.0033584635811349742
2022-05-16,-0.01291429716812662
2022-05-17,0.00735426608011881
2022-05-18,0.004733926674492206
2022-05-20,-0.01105363738085482
2022-05-23,-0.00108806347509366
2022-05-24,-0.006088667338353571
2022-05-25,0.017251836252148513
2022-05-26,0.010295803525961645
2022-05-27,-0.0036619119966258447
2022-05-30,0.03875433445702903
2022-05-31,0.010379270457563794
2022-06-01,0.007880307009070131
2022-06-02,0.015906801425263642
2022-06-03,-0.007103885964026236
2022-06-06,0.02453627244022917
2022-06-07,-0.012376711622958649
2022-06-08,-0.047954068282366855
2022-06-09,0.0055199369119646735
2022-06-10,-0.007453862651799859
2022-06-13,-0.013733133470571103
2022-06-14,0.001966647224631501
2022-06-15,0.011194576257150268
2022-06-16,-0.020985782061790685
2022-06-17,0.023226251936984976
2022-06-20,0.008163645147665445
2022-06-21,0.016206350815218706
2022-06-22,0.0022464469953673684
2022-06-23,-0.016895587877115592
2022-06-24,-0.000509118081418214
2022-06-27,-0.013445302830505046
2022-06-28,-0.012590610226706756
2022-06-29,-0.037141437451068786
2022-06-30,0.006396906854624185
2022-07-01,0.020731419249517925
2022-07-04,-0.014630514107617433
2022-07-05,-0.01324079788013387
2022-07-06,0.02344150844433217
2022-07-07,0.011099021021833078
2022-07-08,0.005099334216281148
2022-07-13,-0.01911237810391181
2022-07-14,-0.0073787606714370915
2022-07-18,0.030760290255169555
2022-07-19,0.017301228947686466
2022-07-20,0.004388861680820211
2022-07-21,0.0004535273024006692
2022-07-22,0.00970733212401256
2022-07-25,0.015082701794564847
2022-07-26,-0.0024085956762638365
2022-07-27,0.009021005996530463
2022-07-28,-0.004596630064524777
2022-07-29,0.018837803908678855
2022-08-01,0.022272662305248936
2022-08-02,-0.00015102219767655373
2022-08-03,0.01431401813721751
2022-08-04,0.01748288223354453
2022-08-05,0.021075557179437765
2022-08-08,0.0137130568227947
2022-08-09,-0.00040076028133962955
2022-08-10,0.03592124217251558
2022-08-11,0.024452961161284613
2022-08-12,-0.0021990789032087952
2022-08-15,-0.0014688347782357283
2022-08-16,0.026354442537789978
2022-08-17,0.03281387659335027
2022-08-18,0.007107040487828076
2022-08-19,-0.012080454852898439
2022-08-22,0.0168880523815931
2022-08-23,0.02424692745125976
2022-08-24,-0.01652578153811053
2022-08-25,0.0300245395879025
2022-08-26,0.0027491879482751556
2022-08-29,0.003023255915181589
2022-08-31,-0.011651388096291427
2022-09-01,-0.010048538281580444
2022-09-02,0.03432394731825009
2022-09-05,0.04859198288075284
2022-09-06,0.015978575513611204
2022-09-07,0.0006915586876825794
2022-09-08,0.007981069092869063
2022-09-09,0.02791205469525392
2022-09-12,0.04128075060714248
2022-09-13,-0.05414206482355882
2022-09-14,-0.006393611893522021
2022-09-15,-0.03654616425483184
2022-09-16,0.007928008718029535
2022-09-19,-0.061976805941870106
2022-09-20,0.03122644438397835
2022-09-21,-0.01273995600500203
2022-09-22,0.016126005646883004
2022-09-23,-0.007079172055996741
2022-09-26,-0.0072215256930310175
2022-09-27,0.016828532633698413
2022-09-28,-0.01720409744898718
2022-09-29,-0.019038771055314076
2022-09-30,0.007775873683013003
2022-10-03,0.07991529699832373
2022-10-04,0.010978738762845532
2022-10-05,-0.0028699054263966344
2022-10-06,0.021177989400305998
2022-10-07,-0.005464381074902191
2022-10-10,0.0027664868013282605
2022-10-11,-0.00757748279580971
2022-10-12,-0.022007393298322707
2022-10-13,0.013656858373932568
2022-10-14,0.01881478087467131
2022-10-17,0.06996681841424586
2022-10-18,-0.004556299546948195
2022-10-19,0.01558524289439588
2022-10-20,0.0011623747392015106
2022-10-21,0.006736149500657429
2022-10-24,0.02287717950557098
2022-10-25,-0.005731127580938145
2022-10-26,0.0003076004903568853
2022-10-27,-0.02047112264078841
2022-10-28,-0.021596899968659614
2022-10-31,0.010424628887839016
2022-11-01,0.009200107748249232
2022-11-02,0.005345213250890914
2022-11-03,-0.0010998922016765224
2022-11-04,0.03110840050217996
2022-11-07,0.03584643795753797
2022-11-08,0.009615703396969768
2022-11-09,-0.018693625570795395
2022-11-10,0.039190813585123864
2022-11-11,-0.014003934943856912
2022-11-14,0.02184425594750955
2022-11-15,0.007946141523724215
2022-11-16,0.00027796798886121606
2022-11-17,-0.022010948017432187
2022-11-18,0.0212445374154975
2022-11-21,0.012998583464003255
2022-11-22,0.03392336917655947
2022-11-23,0.012922156599119994
2022-11-24,-0.0007320510252706079
2022-11-25,0.012679196595581865
2022-11-28,0.014647125234437298
2022-11-29,0.0058185554038803775
2022-11-30,0.005871660309695781
2022-12-01,0.003191468174414758
2022-12-02,-0.020819156986178613
2022-12-05,0.00461974915844241
2022-12-06,0.01127722924585174
2022-12-07,-0.036289140300932964
2022-12-08,0.012069926398463448
2022-12-09,0.02921740348527751
2022-12-12,0.031144140868038895
2022-12-13,0.01742088604036507
2022-12-14,-0.03159337488305218
2022-12-15,0.01644866268792641
2022-12-16,0.006737939326213316
2022-12-19,0.046627961466866964
2022-12-20,0.003863832097620312
2022-12-21,0.0021689381640262683
2022-12-22,0.00034255552525129827
2022-12-23,0.0011236476514256632
2022-12-26,0.006971609193102902
2022-12-27,-0.009146337662952442
2022-12-28,-0.010613541435031305
2022-12-29,0.03913684106514921
2022-12-30,-0.0023150412928994446
2023-01-02,0.03526221001487835
2023-01-03,-0.00796225569178758
2023-01-04,-0.012968384253520638
2023-01-05,-0.02760814397535636
2023-01-06,-0.005872475331903116
2023-01-09,-0.03258966289865242
2023-01-10,-0.03125575288316454
2023-01-11,-0.05136337760762184
2023-01-12,0.04264489963489122
2023-01-13,-0.012908837279880715
2023-01-16,0.044811532002168725
2023-01-17,0.028804744571420005
2023-01-18,0.005745990358399711
2023-01-19,0.010173369435431668
2023-01-20,0.017788941783698588
2023-01-23,-0.007932716964117736
2023-01-24,-0.011845275678260714
2023-01-25,-0.013894854958484172
2023-01-26,-0.010776542934498767
2023-01-27,-0.005139327168633167
2023-01-30,-0.010389927355296515
2023-01-31,-0.021305097025740363
2023-02-01,-0.05992530271481469
2023-02-02,0.012194168029909214
2023-02-03,0.05754309030933782
2023-02-06,-0.001223105489116205
2023-02-07,-0.08538162640258354
2023-02-08,-0.06485311572178495
2023-02-15,0.1766596108348816
2023-02-16,0.016536337879133254
2023-02-17,0.006384839675412601
2023-02-20,0.023245484128851048
2023-02-21,0.004706879429517674
2023-02-22,-0.02173513643920725
2023-02-23,0.0032079615189693827
2023-02-24,-0.004644968838334674
2023-02-27,0.03473190850199653
2023-02-28,0.005445619500792954
2023-03-01,0.021763293505097238
2023-03-02,-0.004241938073699969
2023-03-03,-0.003629426439207651
2023-03-06,0.03665626474838962
2023-03-07,-0.008906798168067977
2023-03-08,0.01934146536105752
2023-03-09,0.0035102639502988535
2023-03-10,-0.005913228245816625
2023-03-13,-0.011132796336767413
2023-03-14,-0.024776672284200208
2023-03-15,-0.011254476836910887
2023-03-16,0.024109393105719044
2023-03-17,-0.02293941809062047
2023-03-20,-0.01887188037982759
2023-03-21,-0.013093880553830439
2023-03-22,0.021907895919825327
2023-03-23,0.01705831612303793
2023-03-24,-0.0043743070741551265
2023-03-27,-0.0013035139915000052
2023-03-28,-0.031073226084361673
2023-03-29,0.0252576676495474
2023-03-30,-0.0006690774687623134
2023-03-31,-0.013014664273826238
2023-04-03,0.006026922679630542
2023-04-04,0.03310994790178881
2023-04-05,-0.012246730243423522
2023-04-06,0.003091568615800378
2023-04-07,0.001476454633482038
2023-04-10,0.03193113591956971
2023-04-11,0.007775804374180795
2023-04-12,0.011045500188802638
2023-04-13,0.0007576195817024626
2023-04-14,-0.003342636088341345
2023-04-17,-0.007600282846773066
2023-04-18,-0.0006558839849748032
2023-04-19,0.012507518704892952
2023-04-20,-0.014153794310145587
2023-04-24,-0.0004114631233880454
2023-04-25,-0.02645651811195348
2023-04-26,-0.020651957674272213
2023-04-27,0.006797380525935759
2023-04-28,-0.0327051275938272
2023-05-02,-0.017942172842561492
2023-05-03,-0.0004702074774247892
2023-05-04,-0.006563422975448175
2023-05-05,-0.022758644990466946
2023-05-08,0.04699242583754966
2023-05-09,-0.0014829519306529871
2023-05-10,-0.01652406275844456
2023-05-11,0.09002965946460127
2023-05-12,-0.002032381607585199
2023-05-15,-0.06766582764084797
2023-05-16,0.022470282447321955
2023-05-17,0.004317613220804218
2023-05-18,-0.037147196694791475
2023-05-22,-0.01234855029849912
2023-05-23,-0.008899170418643909
2023-05-24,-0.011990063420274722
2023-05-25,0.0021397518950935553
2023-05-26,0.03887608047675187
2023-05-29,0.03586820846780956
2023-05-30,0.04213388196857302
2023-05-31,-0.015400239070627842
2023-06-01,0.014027101477606663
2023-06-02,0.02458988994270761
2023-06-05,0.044526592599930685
2023-06-06,0.0005236450674756417
2023-06-07,0.03881400591890591
2023-06-08,0.0063272083563237665
2023-06-09,0.008802354038903181
2023-06-12,-0.006208529396914131
2023-06-13,-0.016059848527289144
2023-06-14,-0.010659285628083038
2023-06-15,0.028506083469264247
2023-06-16,0.00048390228030700247
2023-06-19,-0.03017472039850182
2023-06-20,-0.002620655978059017
2023-06-21,-0.011098020458270253
2023-06-22,0.04653956204221049
2023-06-23,0.026615412109686723
2023-06-26,0.027824625159429364
2023-06-27,3.926740397729449e-05
2023-07-03,0.039413906271647564
2023-07-04,-0.002436390477284534
2023-07-05,0.021163868902928283
2023-07-06,0.006282462740779893
2023-07-07,0.006008068991324489
2023-07-10,0.004113647557950695
2023-07-11,0.01377066758187694
2023-07-12,0.003455970938974683
2023-07-13,0.011704934605048865
2023-07-14,0.006041071754802985
2023-07-17,0.019568428794749838
2023-07-18,-0.0301980161131321
2023-07-19,0.030933188870913585
2023-07-20,0.01321304543656874
2023-07-21,-0.0014161869700713642
2023-07-24,-0.004767403187730236
2023-07-25,-0.013305507018350272
2023-07-26,0.02430493861642683
2023-07-27,0.02419822446346469
2023-07-28,0.034820876030577735
2023-07-31,0.029450569506766576
2023-08-01,-0.013788453440851757
2023-08-02,0.02176584166273562
2023-08-03,0.00031166249631001683
2023-08-04,0.02207934848737749
2023-08-07,0.012656950174222739
2023-08-08,-0.006362026181826508
2023-08-09,0.03703389494569941
2023-08-10,-0.019311754731501374
2023-08-11,0.028743897829189118
2023-08-14,-0.0017734098593817033
2023-08-15,-0.019570833369816923
2023-08-16,-0.0036916246350080723
2023-08-17,0.013388014341144484
2023-08-18,-0.043099869721450225
2023-08-21,0.032712644236370214
2023-08-22,-0.009781802327515854
2023-08-23,-0.012758278359708143
2023-08-24,-0.016771151772068837
2023-08-25,0.02603500485557202
2023-08-28,0.010693416781507014
2023-08-29,-0.011483083468252685
2023-08-31,-0.005908696875868079
2023-09-01,0.028155694823588
2023-09-04,0.005015907305673807
2023-09-05,0.02049594422350517
2023-09-06,-0.01310661271461706
2023-09-07,0.023842419077523783
2023-09-08,0.00394221529291603
2023-09-11,-0.020049339864653373
2023-09-12,-0.002531456142147948
2023-09-13,-0.011922359727828069
2023-09-14,0.018489377670819027
2023-09-15,-0.02700036654918352
2023-09-18,-0.02674893696572163
2023-09-19,0.007388712553963739
2023-09-20,-0.006857343064803579
2023-09-21,0.02709925144641341
2023-09-22,-0.005720307238242684
2023-09-25,0.027937655915877345
2023-09-26,-0.014568680158836968
2023-09-27,-0.005874076986139554
2023-09-28,0.00706683752160796
2023-09-29,0.01614814084550971
2023-10-02,0.024130111894568585
2023-10-03,0.001949914869041081
2023-10-04,-0.01772900492813049
2023-10-05,0.01828557443177503
2023-10-06,0.012801483423768512
2023-10-09,-0.035939503433579226
2023-10-10,0.025581032201813958
2023-10-11,-0.014346185097672349
2023-10-12,-0.017495304006555815
2023-10-13,-0.015916363096915263
2023-10-16,-0.015227015187210646
2023-10-17,0.015272517721044133
2023-10-18,-0.03200658784723664
2023-10-19,-0.00979797208003096
2023-10-20,-0.03465829289896345
2023-10-23,0.025498871300406893
2023-10-24,0.03269087731132538
2023-10-25,-0.06813065062028228
2023-10-26,0.02243993708267219
2023-10-27,0.004720898690756015
2023-10-30,-0.00869663940779173
2023-10-31,-0.02320952894796348
2023-11-01,0.004523698904403595
2023-11-02,0.02096209563651419
2023-11-03,0.0065179717721102655
2023-11-06,0.021737451721326795
2023-11-07,0.004274588921554601
2023-11-08,0.001219969140064725
2023-11-09,-0.007371709612548562
2023-11-10,-0.009367093509823789
2023-11-13,-0.021872323719537713
2023-11-14,0.021116638922806186
2023-11-15,-0.002618426994187251
2023-11-16,0.02064798666389778
2023-11-17,0.01057629648208982
2023-11-20,0.010137758433409062
2023-11-21,0.015405926208219414
2023-11-22,-0.006481674507440305
2023-11-23,-0.007982938275488283
2023-11-24,0.007511675318192935
2023-11-27,0.024686164326253302
2023-11-28,-0.0014511790723867105
2023-11-29,-0.003201180518160951
2023-11-30,-0.014509270855387658
2023-12-01,0.006504824467208459
2023-12-04,0.0106211520252817
2023-12-05,-0.007646359952303373
2023-12-06,-0.014157809690141188
2023-12-07,0.018588965197889985
2023-12-08,-0.0076897410718571035
2023-12-11,-0.023479147417329017
2023-12-12,0.008900450780830082
2023-12-13,-0.024952152982652055
2023-12-14,0.03913374198052366
2023-12-15,0.024044699811098382
2023-12-18,-0.022043403222398582
2023-12-19,-0.007547336029633577
2023-12-20,-0.0012968167932036036
2023-12-21,0.009723544514021243
2023-12-22,-0.019998787785402296
2023-12-25,-0.028477804155489773
2023-12-26,0.0013618986718935686
2023-12-27,-0.005755618667411666
2023-12-28,0.010390705674429679
2023-12-29,-0.0013649493715998215
2024-01-02,0.021766724106424065
2024-01-03,-0.029679169569259888
2024-01-04,0.026345248981599532
2024-01-05,0.011822116840718846
2024-01-08,0.04000071387574199
2024-01-09,-0.005759082126567327
2024-01-10,0.02365419752634408
2024-01-11,0.006591914706232617
2024-01-12,0.01583959087381087
2024-01-15,0.00868200853654244
2024-01-16,-0.008689129466608991
2024-01-17,-0.0017814508027845016
2024-01-18,-0.0024188693390788
2024-01-19,-0.0034045906425316354
2024-01-22,0.009709589250337948
2024-01-23,0.0008157688489847873
2024-01-24,0.01719588621188537
2024-01-25,0.002993033784801336
2024-01-26,0.0263178492454861
2024-01-29,0.005944920200372772
2024-01-30,-0.0018629746904336609
2024-01-31,0.003491717545092177
2024-02-01,0.013890810343083315
2024-02-02,-0.005021027517568976
2024-02-05,0.017249612653254108
2024-02-06,0.012687808058077255
2024-02-07,-0.011372950021543638
2024-02-08,0.014283438118102986
2024-02-09,0.012515672329643214
2024-02-12,0.007792493794136302
2024-02-13,-0.01901493801241604
2024-02-14,0.0059024354119916805
2024-02-15,0.01343693425442827
2024-02-16,0.003166335976995782
2024-02-19,-0.003543313353329791
2024-02-20,0.022073374113430022
2024-02-21,0.0003350187573062048
2024-02-22,0.003816343712407599
2024-02-23,0.004143929724850015
2024-02-26,-0.008807130410211386
2024-02-27,-0.010912634870308103
2024-02-28,-0.008318539012599734
2024-02-29,0.009242007230089489
2024-03-01,-0.010647306323208271
2024-03-04,-0.01698006601437947
2024-03-05,-0.004194694486843486
2024-03-06,-0.00831726829345737
2024-03-07,0.032164035963005544
2024-03-08,0.017309988337549955
2024-03-11,0.003737065742850321
2024-03-12,-0.002069343024605985
2024-03-13,-0.016580836376118048
2024-03-14,-0.0034065080524012473
2024-03-15,-0.012768874877044856
2024-03-18,-0.0017637534882083642
2024-03-19,0.021068077518205955
2024-03-20,-0.0004599586955941872
2024-03-21,0.019005967860202158
2024-03-22,-0.014053757002786871
2024-03-25,-0.021192041120682313
2024-03-26,-0.012707231070078574
2024-03-27,-0.0033733820722978815
2024-03-28,0.02733495775964814
2024-03-29,0.009345274464711385
2024-04-01,0.005855317868627197
2024-04-02,-0.019155467000846884
2024-04-03,0.0006823451266744997
2024-04-04,0.025414771761940746
2024-04-05,0.05307921290807767
2024-04-08,0.008904097364154819
2024-04-15,-0.01054280069328627
2024-04-16,-0.01593090317422128
2024-04-17,-0.009029903960607023
2024-04-18,-0.010324123075903914
2024-04-19,0.0209588940706952
2024-04-22,-0.001919158967207901
2024-04-24,0.011413245660436977
2024-04-25,-0.0015796047904314326
2024-04-26,0.02314879521653066
2024-04-29,0.01444019592693968
2024-04-30,-0.005518406952544663
2024-05-02,0.017424758211661243
2024-05-03,0.009797092971569554
2024-05-06,0.0021695114197564096
2024-05-07,0.012443790550594136
2024-05-08,-0.011866103313922627
2024-05-09,0.012140638978863517
2024-05-10,-0.006083337471710804
2024-05-13,-0.011730546168685196
2024-05-14,0.006972906606970077
2024-05-15,-0.004057725182150506
2024-05-16,0.016253269904587163
2024-05-17,0.035970320620194764
2024-05-20,0.010430280325521037
2024-05-21,0.009979043670926502
2024-05-22,0.0060642359492344864
2024-05-23,-0.011409350159453702
2024-05-24,-0.01702697694368337
2024-05-27,0.007691435343739673
2024-05-28,0.014102761697963572
2024-05-29,-0.018402634659424277
2024-05-30,0.0019890521566316988
2024-05-31,-0.0054484117268372
2024-06-03,0.012429024363726917
2024-06-04,-0.02265545163005225
2024-06-05,0.005000569215556029
2024-06-06,-0.009117293458321674
2024-06-07,-0.013649039503303397
2024-06-10,-0.011246387593981956
2024-06-11,0.010032138435918783
2024-06-12,0.010050051036468412
2024-06-13,0.025161553731630117
2024-06-14,0.019222528624781382
2024-06-20,0.028078373287745963
2024-06-21,0.0007050606535893623
2024-06-24,0.008824510820239318
2024-06-25,0.0011287769526407085
2024-06-26,-0.010909062778895407
2024-06-27,0.01799053650005671
2024-06-28,-0.006925581557378624
2024-07-01,-0.02149453829530292
2024-07-02,0.009526886680802139
2024-07-03,0.028562292939013044
2024-07-04,0.018727092088419217
2024-07-05,-0.0012262853355297755
2024-07-08,-0.003094819868004817
2024-07-09,-0.010132013356083703
2024-07-10,-0.007154755315773043
2024-07-11,0.02575985265398143
2024-07-12,-4.30650384790065e-05
2024-07-16,0.003871021761352833
2024-07-17,0.004340785184966223
2024-07-18,0.004624033817634899
2024-07-19,0.004848246835579417
2024-07-22,0.0033092389188505208
2024-07-23,-0.014474735216225755
2024-07-24,-0.006013386675580157
2024-07-25,-0.01004558239871397
2024-07-26,-0.0011599416963514074
2024-07-29,-0.0181233477629426
2024-07-30,-0.009568652558026115
2024-07-31,0.002120901908393558
2024-08-01,0.011473075428162994
2024-08-02,-0.034666671987246656
2024-08-05,-0.056119538006094434
2024-08-06,-0.0030891338090835553
2024-08-07,0.0068031195841137156
2024-08-08,0.010667773180990835
2024-08-09,-0.021382866815276957
2024-08-12,-0.0016232827105238986
2024-08-13,0.01597033741981011
2024-08-14,-0.009327535213334192
2024-08-15,0.016205414663608465
2024-08-16,-0.016368995237539763
2024-08-19,0.028763853986337212
2024-08-20,-0.0025474776502063534
2024-08-21,-0.006934801854708118
2024-08-22,0.004265170163428833
2024-08-23,-0.02696363570859682
2024-08-26,-0.01196799636915288
2024-08-27,0.021288481978102805
2024-08-28,-5.489881644836774e-05
2024-08-29,0.00850784622653197
2024-09-02,0.02303951390910619
2024-09-03,-0.010472965128178803
2024-09-04,-0.0028180474095266697
2024-09-05,-0.0030921442467049757
2024-09-06,-0.014382239197337034
2024-09-09,-0.020375288907895153
2024-09-10,-0.01168143995957185
2024-09-11,-0.017171521653403507
2024-09-12,0.01959142151405524
2024-09-13,0.0178038916406845
2024-09-16,-0.008505945835144125
2024-09-17,0.021631359286204146
2024-09-18,0.006042435509746469
2024-09-19,0.017684138380237295
2024-09-20,-0.010389415913689505
2024-09-23,0.003460974993093036
2024-09-24,0.015528733313081867
2024-09-25,-0.01074319424391318
2024-09-26,-0.007046124722826963
2024-09-27,-0.003099653000970547
2024-09-30,-0.011987375871432383
2024-10-01,-0.034647555627241276
2024-10-02,-0.03444022253035139
2024-10-03,-0.022343941459343722
2024-10-04,0.023073343212541578
2024-10-07,-0.007677356082010666
2024-10-08,-0.0023136250765377958
2024-10-09,0.019504611332132847
2024-10-10,-0.017589858314790534
2024-10-11,-0.005959408421273504
2024-10-14,-0.018156997094842288
2024-10-15,0.01593648445998295
2024-10-16,0.013828999556488709
2024-10-17,0.004245265543044097
2024-10-18,-0.024095632035883434
2024-10-21,-0.018086761781608174
2024-10-22,0.02110725974907588
2024-10-23,-0.01562436623928708
2024-10-24,0.02125593740294909
2024-10-25,-0.0015885080374590911
2024-10-28,0.00828759794193773
2024-10-30,0.002945432752589139
2024-10-31,-0.02006709009982052
2024-11-01,-0.0029174275880220037
2024-11-04,-0.027720186137441507
2024-11-05,0.0018370608966775557
2024-11-06,0.03425346059505557
2024-11-07,0.010622734510930243
2024-11-08,0.03758612379012449
2024-11-11,0.004847113604896625
2024-11-12,-0.0002145755084469233
2024-11-13,0.010049368264659152
2024-11-14,0.0160372838035024
2024-11-15,-0.007652226367889614
2024-11-18,0.0036253206576379207
2024-11-19,-0.0168911076356552
2024-11-20,-0.032591321624159175
2024-11-21,0.044847700793558466
2024-11-22,0.017630137548845293
2024-11-25,0.009645232827039198
2024-11-26,-0.0037159678402411303
2024-11-27,-0.004107363109081552
2024-11-28,0.002007943325224671
2024-11-29,0.003682269760846136
2024-12-02,0.005398872860714221
2024-12-03,0.023751022416285884
2024-12-04,0.008469509787131646
2024-12-05,0.0002373758143411342
2024-12-06,0.009744684524311998
2024-12-09,0.016974310022029784
2024-12-10,-0.015347661658459844
2024-12-11,0.0035288808189653294
2024-12-12,-0.001322859046037905
2024-12-13,0.008136740381710174
2024-12-16,-0.015637059869250427
2024-12-17,-0.0002287044419570841
2024-12-18,-0.011632156011019535
2024-12-19,-0.015051760140037385
2024-12-20,-0.0013426662374776636
2024-12-23,-0.006362326083951075
2024-12-24,0.007047093099102463
2024-12-25,0.030090615644808836
2024-12-26,0.0026238355062871196
2024-12-27,0.010025198080649523
2024-12-30,-0.011742290321283834
2024-12-31,-0.006333268565495799
2025-01-02,0.012876447989233198
2025-01-03,0.005894069015089232
2025-01-06,-0.0014231940140634449
2025-01-07,-0.013328985252335302
2025-01-08,-0.0012265050431123472
2025-01-09,0.0111976412736566
2025-01-10,-0.01021274831333695
2025-01-13,-0.011336774207669143
2025-01-14,-0.006576211739322169
2025-01-15,-3.27050452337053e-05
2025-01-16,0.012409858020514775
2025-01-17,0.012018591016623725
2025-01-20,0.010659490598205534
2025-01-21,-0.0012854719030148123
2025-01-22,0.00985865965591163
2025-01-23,-0.006240499333111237
2025-01-24,-0.0019227660628868722
2025-01-27,-0.013673481565327128
2025-01-28,0.022326408548066314
2025-01-29,0.0024653953932306507
2025-01-30,-0.000656600091336934
2025-01-31,-0.0020376916805765924
2025-02-03,-0.02154446421476727
2025-02-04,0.0021408861029700976
2025-02-05,-0.0073907255612133075
2025-02-06,0.012304544515028527
2025-02-07,0.011775461457317695
2025-02-10,-0.0136598695181411
2025-02-11,0.0016482824541429579
2025-02-12,-0.008963635251920654
2025-02-13,0.015286848582901058
2025-02-14,-0.0008438388749021255
2025-02-17,-0.00300066616262632
2025-02-18,0.015014675622909144
2025-02-19,-0.02340643930945805
2025-02-20,-0.0007618231932512427
2025-02-21,-0.017529034976338197
2025-02-24,-0.00546796989472379
2025-02-25,-0.006819766530601634
2025-02-26,0.00998865647792755
2025-02-27,0.011065732075595492
2025-02-28,-0.008178035659057482
2025-03-03,0.03179050741197118
2025-03-04,-0.0020661498585250685
2025-03-05,0.033451209225554356
2025-03-06,0.0214037075327592
2025-03-07,0.000622924669996383
2025-03-10,-0.01848626408956179
2025-03-11,0.002631273112134247
2025-03-12,0.016653771226626167
2025-03-13,0.00992937850760095
2025-03-14,0.004156180765236195
2025-03-17,-0.0026795204117844524
2025-03-18,-0.009691507426699232
2025-03-19,-0.08984235524400824
2025-03-20,-0.014880004238187396
2025-03-21,-0.08458505850794873
2025-03-24,0.025981690043415495
2025-03-25,0.05039593682361357
2025-03-26,-0.007471433255299098
2025-03-27,-0.005690993212007878
2025-03-28,0.012733402185456513
2025-04-02,-0.012155628920606832
2025-04-03,-0.002423292427420332
2025-04-04,-0.01272282170484548
2025-04-07,0.0008618623610025522
2025-04-08,0.005792077540596309
2025-04-09,-0.02459682165783677
2025-04-10,0.0037843211066299846
2025-04-11,0.004849885728148751
2025-04-14,0.005345699030111739
2025-04-15,-0.010924574743626014
2025-04-16,-0.018318539241833832
2025-04-17,0.012384316993464263
2025-04-18,-0.004973387414712982
2025-04-21,0.008929865662556824
2025-04-22,0.00029288045271571575
2025-04-24,0.030086395866468177
2025-04-25,-0.00239717225517242
2025-04-28,-0.010381646434787471
2025-04-29,-0.006589996806812782
2025-04-30,-0.019216744317692137
2025-05-02,0.023392074692022403
2025-05-05,0.00025885451297341655
2025-05-06,-0.002409147625586783
2025-05-07,-0.011283533584810412
2025-05-08,0.015195440376699888
2025-05-09,0.01666810365301319
2025-05-12,0.05556607740997744
2025-05-13,0.0031434204688722493
2025-05-14,-0.0025065796019378755
2025-05-15,-0.013442918191365328
2025-05-16,0.017347579291275086
2025-05-20,-0.023425079892255243
2025-05-21,-0.01232403053001423
2025-05-22,0.00110112488458708
2025-05-23,-0.016757630471689544
2025-05-26,0.001196579621002858
2025-05-27,-0.011807692930785076
2025-05-28,-0.0012168784303127622
2025-05-29,0.0005548909568410588
2025-05-30,-0.02324922117752978
2025-06-02,0.008952043561893575
2025-06-03,0.03897208926585054
2025-06-04,0.01528208217603102
2025-06-05,-0.0003613944119135737
2025-06-10,0.020187543731618563
2025-06-11,0.003651044511413526
2025-06-12,-0.01630865700858765
2025-06-13,-0.020874703629255385
2025-06-16,0.010072287107160372
2025-06-17,-0.00217851804089817
2025-06-18,-0.02043033654507669
2025-06-19,-0.01402459622591512
2025-06-20,0.01678721118318112
2025-06-23,-0.0029008454138702462
2025-06-24,0.04747150873226427
2025-06-25,-0.0021073549624879727
2025-06-26,-0.009432300596709742
2025-06-27,0.008161588276513688
2025-06-30,0.06420703836481545
2025-07-01,0.009081347389133899
2025-07-02,0.019559191523816424
2025-07-03,-0.0019727669384771327
2025-07-04,0.003170357176561756
2025-07-07,-0.016103367285852065
2025-07-08,-0.009868255930803038
2025-07-09,0.014413560913765621
2025-07-10,0.0178410526421676
2025-07-11,-0.0008197417582335275
2025-07-14,-0.013976799661292639
2025-07-16,-0.013462727953241483
2025-07-17,0.022060983052499275
2025-07-18,-0.004504991848844676
2025-07-21,0.02279774829139549
2025-07-22,-0.0017972270242884165
2025-07-23,-0.002858337332893813
2025-07-24,0.012462991417186577
2025-07-25,-0.008477802315725359
2025-07-28,-0.006600765677853992
2025-07-29,-0.002686786440370792
2025-07-30,0.01577961298871945
2025-07-31,0.003771325817514359
2025-08-01,0.006152212410851643
2025-08-04,0.012711655665924127
2025-08-05,-0.0023569165757089676
2025-08-06,0.014895355765089503
2025-08-07,0.004512317314223047
2025-08-08,-0.00026692958910811164
2025-08-11,0.00764282612774907
2025-08-12,-0.0016586057385707066
2025-08-13,-0.005205570245469038
2025-08-14,-0.009140826299348648
2025-08-15,0.001105269987325641
2025-08-18,0.011129600197752654
2025-08-19,0.0050495511056069305
2025-08-20,0.012644415160303346
2025-08-21,0.015613148530917654
2025-08-22,0.005014617073767136
2025-08-25,0.005458761061259865
2025-08-26,0.0017116959541406355
2025-08-27,-0.016644302874248007
2025-08-28,0.0023845838110604155
2025-08-29,-0.008648629751720116
2025-09-01,0.0014251617717252257
2025-09-02,-0.03882168913175646
2025-09-03,-0.02457922516194713
2025-09-04,0.003575441905501343
2025-09-05,-0.002121991647810384
2025-09-08,-0.027426318792877193
2025-09-09,0.01043152639390681
2025-09-10,0.013820343307888918
2025-09-11,-0.02326717524209747
2025-09-12,0.0011956430918202757
2025-09-15,0.06446136659433988
2025-09-16,0.008891976497726429
2025-09-17,-0.011856895062803553
2025-09-18,-0.014059640680937811
2025-09-19,0.02674323588811465
2025-09-22,0.013421784362409385
2025-09-23,-0.0080428178582592
2025-09-24,-0.0017660473729247065
2025-09-25,-0.0007079849061803481
2025-09-26,-0.030238666087046583
2025-09-29,-0.0066424047927665765
2025-09-30,0.00832561890541993
2025-10-01,0.027135942470224043
2025-10-02,-0.011656141812531563
2025-10-03,-0.018731674449410117
2025-10-06,-0.012477473660172234
2025-10-07,0.013710461572971911
2025-10-08,-0.014615106841985226
2025-10-09,-0.008992622367374737
2025-10-10,0.0003878437274791313
2025-10-13,-0.020963933927197455
2025-10-14,-0.030369688577733114
2025-10-15,0.01645151339741543
2025-10-16,-0.009177125316552848
2025-10-17,-0.010672003812278908
2025-10-20,0.02810128160806827
2025-10-21,0.0006495821756294258
2025-10-22,0.006772048664982766
2025-10-23,0.008322519253149363
2025-10-24,0.032572075813393095
2025-10-27,-0.013703627475895843
2025-10-28,-0.0038539632853344056
2025-10-30,-0.004858630437152291
2025-10-31,0.014360328740459317
2025-11-03,0.013249609775460403
2025-11-04,-0.015722483632613193
2025-11-05,-0.006966694853137656
2025-11-06,0.00992474112649763
2025-11-07,-0.012179631615457378
2025-11-10,-0.018867414777722916
2025-11-11,-0.020141146544303337
2025-11-12,0.0076109083685639515
2025-11-13,0.0016404832664848826
2025-11-14,-0.002266445982447118
2025-11-17,0.0015824768038867907
2025-11-18,-7.0190663819858e-05
2025-11-19,0.024225042516263208
2025-11-20,0.0043565113915169824
2025-11-21,-0.006212276523296423
2025-11-24,-0.001975816868555547
2025-11-25,0.004440583119532948
2025-11-26,0.007795516538547931
2025-11-27,0.0015812255451616132
2025-11-28,0.0013559038092006426
2025-12-01,0.017176144169442065
2025-12-02,0.0028610615415556985
2025-12-03,-0.011228849835308443
2025-12-04,-0.01493786679978596
2025-12-05,0.008535357040709325
2025-12-08,0.02312305347393269
2025-12-09,-0.0018385517199346227
2025-12-10,-0.00710200552719641
2025-12-11,0.007119527875182241
2025-12-12,0.0138654830663697
2025-12-15,0.01528288744843962
2025-12-16,-0.008410462972375776
2025-12-17,-0.0024103308277204864
2025-12-18,0.00018740341291787485
2025-12-19,-0.0034193647637627556
2025-12-22,-0.003075332515050022
2025-12-23,-0.009561083318421683
2025-12-24,0.008366095731702217
2025-12-25,-0.0017050599258155333
2025-12-26,-0.006035457070419836
2025-12-29,-0.011759789189813087
2025-12-30,0.008317302923232673
2025-12-31,0.000831392720543711
2026-01-02,0.02992160758151159
2026-01-05,0.012625086985529943
2026-01-06,0.0255604169522492
2026-01-07,-0.005014493716498824
2026-01-08,0.0033693561181679437
2026-01-09,0.0018168963109045366
2026-01-12,0.006226924859627914
2026-01-13,0.011365122332864963
2026-01-14,-0.011173357083216385
2026-01-15,0.010302090398927112
2026-01-16,0.02609074823269726
2026-01-19,-0.00025367795502305717
2026-01-20,-0.011834571420239515
2026-01-21,0.008859342462345321
2026-01-22,0.009555051848218478
2026-01-23,0.012742795428430199
2026-01-26,0.010375642614007297
2026-01-27,-0.007449825691018354
2026-01-28,0.020742829706110168
2026-01-29,0.03613962471817154
2026-01-30,0.013292939286696216
2026-02-02,-0.007999280826809119
2026-02-03,0.022916924944756445
2026-02-04,-0.00453266853984825
2026-02-05,-0.014934731211468344
2026-02-06,0.0006232257085791003
2026-02-09,0.025816380891312482
2026-02-10,-0.016904346494220502
2026-02-11,0.00722150061304686
2026-02-12,0.03606026521556425
2026-02-13,0.006955006532365649
2026-02-16,0.01674095308158465
2026-02-17,-0.022758929505277085
2026-02-18,-0.007196364761011598
2026-02-19,-0.02829007698476689
2026-02-20,0.007023725769575929
2026-02-23,0.01117143054770311
